Date ,Time,Time_of_day,Weather,Week,Sample,Mesoccosm,Stage,Probe,Temp,pH,Turb,DO_mgL,DO_perc
25/09/2020,11:19,Morning,Overcast,1,1,T1,Establishment,Horiba,11.32,7.14,0,NA,NA
25/09/2020,11:19,Morning,Overcast,1,1,T2,Establishment,Horiba,11.17,7.31,0,NA,NA
25/09/2020,11:19,Morning,Overcast,1,1,T3,Establishment,Horiba,10.88,7.14,0,NA,NA
25/09/2020,11:19,Morning,Overcast,1,1,T4,Establishment,Horiba,10.91,7.48,0,NA,NA
25/09/2020,11:19,Morning,Overcast,1,1,T5,Establishment,Horiba,10.94,7.54,0,NA,NA
25/09/2020,11:19,Morning,Overcast,1,1,T6,Establishment,Horiba,10.99,7.33,0,NA,NA
25/09/2020,11:19,Morning,Overcast,1,1,T7,Establishment,Horiba,11.18,7.42,0,NA,NA
25/09/2020,11:19,Morning,Overcast,1,1,T8,Establishment,Horiba,11.24,7.44,0,NA,NA
25/09/2020,11:19,Morning,Overcast,1,1,T9,Establishment,Horiba,11.27,7.58,0,NA,NA
25/09/2020,11:19,Morning,Overcast,1,1,T10,Establishment,Horiba,11.22,7.69,0,NA,NA
25/09/2020,11:19,Morning,Overcast,1,1,T11,Establishment,Horiba,11.08,7.6,0,NA,NA
25/09/2020,11:19,Morning,Overcast,1,1,T12,Establishment,Horiba,10.92,7.68,0,NA,NA
1/10/2020,18:00,Sunset,Fine,2,1,T1,Establishment,Hach,,,,9.17,95.5
1/10/2020,18:00,Sunset,Fine,2,2,T1,Establishment,Hach,,,,8.96,92.3
2/10/2020,6:00,Sunrise,Fine,2,1,T1,Establishment,Hach,,,,8.61,84.5
2/10/2020,6:00,Sunrise,Fine,2,2,T1,Establishment,Hach,,,,8.57,82.8
2/10/2020,10:31,Morning,Sunny/windy,2,1,T1,Establishment,Horiba,14.98,7.61,0,11.47,118
2/10/2020,10:31,Morning,Sunny/windy,2,2,T1,Establishment,Horiba,14.81,7.79,0,,
2/10/2020,10:31,Morning,Sunny/windy,2,3,T1,Establishment,Horiba,15.32,7.74,0,,
1/10/2020,18:00,Sunset,Fine,2,1,T2,Establishment,Hach,,,,8.71,90
1/10/2020,18:00,Sunset,Fine,2,1,T2,Establishment,Hach,,,,8.68,89.6
2/10/2020,6:00,Sunrise,Fine,2,1,T2,Establishment,Hach,,,,8.26,80.4
2/10/2020,6:00,Sunrise,Fine,2,2,T2,Establishment,Hach,,,,8.28,80.1
2/10/2020,10:31,Morning,Sunny/windy,2,1,T2,Establishment,Horiba,15.32,7.7,0,13.14,135.6
2/10/2020,10:31,Morning,Sunny/windy,2,2,T2,Establishment,Horiba,15.31,7.95,18.7,,
2/10/2020,10:31,Morning,Sunny/windy,2,3,T2,Establishment,Horiba,15.31,7.89,6.3,,
1/10/2020,18:00,Sunset,Fine,2,1,T3,Establishment,Hach,,,,9.24,96.7
1/10/2020,18:00,Sunset,Fine,2,2,T3,Establishment,Hach,,,,9.24,96.6
2/10/2020,6:00,Sunrise,Fine,2,1,T3,Establishment,Hach,,,,8.7,85.4
2/10/2020,6:00,Sunrise,Fine,2,2,T3,Establishment,Hach,,,,8.62,84.3
2/10/2020,10:31,Morning,Sunny/windy,2,1,T3,Establishment,Horiba,16.46,7.73,0,14.69,154.7
2/10/2020,10:31,Morning,Sunny/windy,2,2,T3,Establishment,Horiba,16.2,7.68,8.4,12.84,136.5
2/10/2020,10:31,Morning,Sunny/windy,2,3,T3,Establishment,Horiba,16.5,7.72,7,,
1/10/2020,18:00,Sunset,Fine,2,1,T4,Establishment,Hach,,,,8.91,94.7
1/10/2020,18:00,Sunset,Fine,2,1,T4,Establishment,Hach,,,,8.69,92.3
2/10/2020,6:06,Sunrise,Fine,2,1,T4,Establishment,Hach,,,,8.4,83
2/10/2020,6:06,Sunrise,Fine,2,2,T4,Establishment,Hach,,,,8.4,82.7
2/10/2020,10:43,Morning,Sunny/windy,2,1,T4,Establishment,Horiba,17.44,8.04,0,10.33,111.3
2/10/2020,10:43,Morning,Sunny/windy,2,2,T4,Establishment,Horiba,17.43,8.31,0,12.81,138.2
2/10/2020,10:43,Morning,Sunny/windy,2,3,T4,Establishment,Horiba,17.44,8.48,0,11.81,127.1
1/10/2020,18:00,Sunset,Fine,2,1,T5,Establishment,Hach,,,,9.28,99.6
1/10/2020,18:00,Sunset,Fine,2,1,T5,Establishment,Hach,,,,9.26,99.7
2/10/2020,6:06,Sunrise,Fine,2,1,T5,Establishment,Hach,,,,8.64,86
2/10/2020,6:06,Sunrise,Fine,2,2,T5,Establishment,Hach,,,,8.56,84.9
2/10/2020,10:43,Morning,Sunny/windy,2,1,T5,Establishment,Horiba,17.79,8.08,,11.89,129
2/10/2020,10:43,Morning,Sunny/windy,2,2,T5,Establishment,Horiba,17.83,8.3,,12.15,131.9
2/10/2020,10:43,Morning,Sunny/windy,2,3,T5,Establishment,Horiba,18.01,8.35,,12.26,133.8
1/10/2020,18:00,Sunset,Fine,2,1,T6,Establishment,Hach,,,,8.97,96.2
1/10/2020,18:00,Sunset,Fine,2,1,T6,Establishment,Hach,,,,8.89,94.8
2/10/2020,6:06,Sunrise,Fine,2,1,T6,Establishment,Hach,,,,8.39,83.9
2/10/2020,6:06,Sunrise,Fine,2,2,T6,Establishment,Hach,,,,8.35,83.1
2/10/2020,10:43,Morning,Sunny/windy,2,1,T6,Establishment,Horiba,17.38,7.95,3.4,13.31,142.9
2/10/2020,10:43,Morning,Sunny/windy,2,2,T6,Establishment,Horiba,17.64,8.22,0,11.27,121.6
2/10/2020,10:43,Morning,Sunny/windy,2,3,T6,Establishment,Horiba,17.62,8.24,0,,
1/10/2020,18:00,Sunset,Fine,2,1,T7,Establishment,Hach,,,,8.99,93.4
1/10/2020,18:00,Sunset,Fine,2,1,T7,Establishment,Hach,,,,8.87,91.9
2/10/2020,6:10,Sunrise,Fine,2,1,T7,Establishment,Hach,,,,8.48,82.7
2/10/2020,6:10,Sunrise,Fine,2,2,T7,Establishment,Hach,,,,8.4,81.7
2/10/2020,10:43,Morning,Sunny/windy,2,1,T7,Establishment,Horiba,15.56,8.12,0,11.43,117.9
2/10/2020,10:43,Morning,Sunny/windy,2,2,T7,Establishment,Horiba,15.01,8.36,0,11.59,118.7
2/10/2020,10:43,Morning,Sunny/windy,2,3,T7,Establishment,Horiba,15.2,8.27,0,11.34,116.7
1/10/2020,18:00,Sunset,Fine,2,1,T8,Establishment,Hach,,,,9.3,96.7
1/10/2020,18:00,Sunset,Fine,2,1,T8,Establishment,Hach,,,,9.26,96.2
2/10/2020,6:10,Sunrise,Fine,2,1,T8,Establishment,Hach,,,,8.9,87
2/10/2020,6:10,Sunrise,Fine,2,2,T8,Establishment,Hach,,,,8.8,85.8
2/10/2020,10:43,Morning,Sunny/windy,2,1,T8,Establishment,Horiba,15.3,8.34,0,12.8,131.9
2/10/2020,10:43,Morning,Sunny/windy,2,2,T8,Establishment,Horiba,15.32,8.4,0,11.95,123.5
2/10/2020,10:43,Morning,Sunny/windy,2,3,T8,Establishment,Horiba,15.39,8.19,0,11.51,111.9
1/10/2020,18:00,Sunset,Fine,2,1,T9,Establishment,Hach,,,,9.96,103.7
1/10/2020,18:00,Sunset,Fine,2,1,T9,Establishment,Hach,,,,9.91,103.1
2/10/2020,6:10,Sunrise,Fine,2,1,T9,Establishment,Hach,,,,9.34,91.4
2/10/2020,6:10,Sunrise,Fine,2,2,T9,Establishment,Hach,,,,9.33,91.1
2/10/2020,10:43,Morning,Sunny/windy,2,1,T9,Establishment,Horiba,15.35,8.62,0,11.86,122.4
2/10/2020,10:43,Morning,Sunny/windy,2,2,T9,Establishment,Horiba,15.28,8.29,0,12.03,123.9
2/10/2020,10:43,Morning,Sunny/windy,2,3,T9,Establishment,Horiba,15.33,8.16,0,12.12,125
1/10/2020,18:00,Sunset,Fine,2,1,T10,Establishment,Hach,,,,9.72,101.8
1/10/2020,18:00,Sunset,Fine,2,1,T10,Establishment,Hach,,,,9.75,101.6
2/10/2020,6:10,Sunrise,Fine,2,1,T10,Establishment,Hach,,,,9.1,89.3
2/10/2020,6:10,Sunrise,Fine,2,2,T10,Establishment,Hach,,,,9.1,89.09
2/10/2020,11:01,Morning,Sunny/windy,2,1,T10,Establishment,Horiba,15.6,8.24,0,12.45,129.3
2/10/2020,11:01,Morning,Sunny/windy,2,2,T10,Establishment,Horiba,15.9,8.24,0,12.41,129.4
2/10/2020,11:01,Morning,Sunny/windy,2,3,T10,Establishment,Horiba,16.37,8.33,0,11.8,124.9
1/10/2020,18:00,Sunset,Fine,2,1,T11,Establishment,Hach,,,,9.25,96.6
1/10/2020,18:00,Sunset,Fine,2,1,T11,Establishment,Hach,,,,9.26,96.7
2/10/2020,6:10,Sunrise,Fine,2,1,T11,Establishment,Hach,,,,8.73,85.6
2/10/2020,6:10,Sunrise,Fine,2,2,T11,Establishment,Hach,,,,8.59,84.1
2/10/2020,11:01,Morning,Sunny/windy,2,1,T11,Establishment,Horiba,15.68,8.2,0,11.99,124.6
2/10/2020,11:01,Morning,Sunny/windy,2,2,T11,Establishment,Horiba,15.96,8.26,0,12.25,128.1
2/10/2020,11:01,Morning,Sunny/windy,2,3,T11,Establishment,Horiba,16.12,8.28,0,11.91,124.7
1/10/2020,18:00,Sunset,Fine,2,1,T12,Establishment,Hach,,,,9.8,102.3
1/10/2020,18:00,Sunset,Fine,2,1,T12,Establishment,Hach,,,,9.75,101.9
2/10/2020,6:10,Sunrise,Fine,2,1,T12,Establishment,Hach,,,,9.22,90.5
2/10/2020,6:10,Sunrise,Fine,2,2,T12,Establishment,Hach,,,,9.15,89.7
2/10/2020,11:01,Morning,Sunny/windy,2,1,T12,Establishment,Horiba,16.07,8.15,0,12.46,130.7
2/10/2020,11:01,Morning,Sunny/windy,2,2,T12,Establishment,Horiba,16.23,8.31,2.1,12.79,134.5
2/10/2020,11:01,Morning,Sunny/windy,2,3,T12,Establishment,Horiba,16.22,8.27,0,12.07,126.9
8/10/2020,18:30,Sunset,Overcast/Rain,3,1,T1,Establishment,Hach,,,,9.51,98.9
8/10/2020,18:30,Sunset,Overcast/Rain,3,2,T1,Establishment,Hach,,,,9.41,97
9/10/2020,6:45,Sunrise,Overcast/Rain,3,1,T1,Establishment,Hach,,,,8.7,83.9
9/10/2020,6:45,Sunrise,Overcast/rain,3,2,T1,Establishment,Hach,,,,8.73,82.9
9/10/2020,10:40,Morning,Overcast/rain,3,1,T1,Establishment,Horiba,13.37,7.02,1.8,,
9/10/2020,10:40,Morning,Overcast/rain,3,2,T1,Establishment,Horiba,12.88,7.29,1.7,,
9/10/2020,10:40,Morning,Overcast/rain,3,3,T1,Establishment,Horiba,12.79,7.29,1.6,,
9/10/2020,10:40,Morning,Overcast/rain,3,1,T1,Establishment,Hach,,,,9.1,87.1
9/10/2020,10:40,Morning,Overcast/rain,3,2,T1,Establishment,Hach,,,,9.09,86.9
8/10/2020,18:30,Sunset,Overcast/Rain,3,1,T2,Establishment,Hach,,,,9.05,93.9
8/10/2020,18:30,Sunset,Overcast/Rain,3,2,T2,Establishment,Hach,,,,9.04,93.1
9/10/2020,6:45,Sunrise,Overcast/Rain,3,1,T2,Establishment,Hach,,,,8.27,79.2
9/10/2020,6:45,Sunrise,Overcast/rain,3,2,T2,Establishment,Hach,,,,8.41,79.9
9/10/2020,10:40,Morning,Overcast/rain,3,1,T2,Establishment,Horiba,13.2,7.33,21,,
9/10/2020,10:40,Morning,Overcast/rain,3,2,T2,Establishment,Horiba,12.73,7.03,47,,
9/10/2020,10:40,Morning,Overcast/rain,3,3,T2,Establishment,Horiba,12.8,7.17,1.8,,
9/10/2020,10:40,Morning,Overcast/rain,3,1,T2,Establishment,Hach,,,,8.77,83.9
9/10/2020,10:40,Morning,Overcast/rain,3,2,T2,Establishment,Hach,,,,8.74,83.5
8/10/2020,18:30,Sunset,Overcast/Rain,3,1,T3,Establishment,Hach,,,,9.41,97.5
8/10/2020,18:30,Sunset,Overcast/Rain,3,2,T3,Establishment,Hach,,,,9.47,97.4
9/10/2020,6:51,Sunrise,Overcast/Rain,3,1,T3,Establishment,Hach,,,,8.65,82.7
9/10/2020,6:51,Sunrise,Overcast/rain,3,2,T3,Establishment,Hach,,,,8.79,83.5
9/10/2020,10:40,Morning,Overcast/rain,3,1,T3,Establishment,Horiba,12.88,7.32,0.9,,
9/10/2020,10:40,Morning,Overcast/rain,3,2,T3,Establishment,Horiba,12.81,7.17,1,,
9/10/2020,10:40,Morning,Overcast/rain,3,3,T3,Establishment,Horiba,12.8,7.14,1.1,,
9/10/2020,10:40,Morning,Overcast/rain,3,1,T3,Establishment,Hach,,,,9.12,87.2
9/10/2020,10:40,Morning,Overcast/rain,3,2,T3,Establishment,Hach,,,,9.11,87.1
8/10/2020,18:30,Sunset,Overcast/Rain,3,1,T4,Establishment,Hach,,,,9.51,98
8/10/2020,18:30,Sunset,Overcast/Rain,3,2,T4,Establishment,Hach,,,,9.5,97.4
9/10/2020,6:51,Sunrise,Overcast/Rain,3,1,T4,Establishment,Hach,,,,8.78,83.7
9/10/2020,6:51,Sunrise,Overcast/rain,3,2,T4,Establishment,Hach,,,,8.78,83.3
9/10/2020,10:40,Morning,Overcast/rain,3,1,T4,Establishment,Horiba,12.73,7.43,1.9,,
9/10/2020,10:40,Morning,Overcast/rain,3,2,T4,Establishment,Horiba,12.66,7.48,1.8,,
9/10/2020,10:40,Morning,Overcast/rain,3,3,T4,Establishment,Horiba,12.7,7.45,1.9,,
9/10/2020,10:40,Morning,Overcast/rain,3,1,T4,Establishment,Hach,,,,9.26,88.3
9/10/2020,10:40,Morning,Overcast/rain,3,2,T4,Establishment,Hach,,,,9.2,87.8
8/10/2020,18:30,Sunset,Overcast/Rain,3,1,T5,Establishment,Hach,,,,9.36,96.2
8/10/2020,18:30,Sunset,Overcast/Rain,3,2,T5,Establishment,Hach,,,,9.31,95.3
9/10/2020,6:51,Sunrise,Overcast/Rain,3,1,T5,Establishment,Hach,,,,8.72,83.1
9/10/2020,6:51,Sunrise,Overcast/rain,3,2,T5,Establishment,Hach,,,,8.68,82.3
9/10/2020,10:40,Morning,Overcast/rain,3,1,T5,Establishment,Horiba,12.69,7.41,1.3,,
9/10/2020,10:40,Morning,Overcast/rain,3,2,T5,Establishment,Horiba,12.69,7.4,1.4,,
9/10/2020,10:40,Morning,Overcast/rain,3,3,T5,Establishment,Horiba,12.69,7.52,1.3,,
9/10/2020,10:40,Morning,Overcast/rain,3,1,T5,Establishment,Hach,,,,9.07,86.4
9/10/2020,10:40,Morning,Overcast/rain,3,2,T5,Establishment,Hach,,,,9.09,86.7
8/10/2020,18:30,Sunset,Overcast/Rain,3,1,T6,Establishment,Hach,,,,8.78,89.6
8/10/2020,18:30,Sunset,Overcast/Rain,3,2,T6,Establishment,Hach,,,,8.74,89.1
9/10/2020,6:51,Sunrise,Overcast/Rain,3,1,T6,Establishment,Hach,,,,8.32,79.1
9/10/2020,6:51,Sunrise,Overcast/rain,3,2,T6,Establishment,Hach,,,,8.3,78.6
9/10/2020,10:40,Morning,Overcast/rain,3,1,T6,Establishment,Horiba,12.61,7.44,1,,
9/10/2020,10:40,Morning,Overcast/rain,3,2,T6,Establishment,Horiba,12.58,7.52,1.1,,
9/10/2020,10:40,Morning,Overcast/rain,3,3,T6,Establishment,Horiba,12.61,7.52,1.1,,
9/10/2020,10:40,Morning,Overcast/rain,3,1,T6,Establishment,Hach,,,,8.61,81.8
9/10/2020,10:40,Morning,Overcast/rain,3,2,T6,Establishment,Hach,,,,8.55,81.2
8/10/2020,18:30,Sunset,Overcast/Rain,3,1,T7,Establishment,Hach,,,,9.15,94.4
8/10/2020,18:30,Sunset,Overcast/Rain,3,2,T7,Establishment,Hach,,,,9.11,94.1
9/10/2020,6:51,Sunrise,Overcast/Rain,3,1,T7,Establishment,Hach,,,,8.62,82.4
9/10/2020,6:51,Sunrise,Overcast/rain,3,2,T7,Establishment,Hach,,,,8.5,81
9/10/2020,11:02,Morning,Overcast/rain,3,1,T7,Establishment,Horiba,12.96,7.64,5.1,,
9/10/2020,11:02,Morning,Overcast/rain,3,2,T7,Establishment,Horiba,13.03,7.57,1,,
9/10/2020,11:02,Morning,Overcast/rain,3,3,T7,Establishment,Horiba,13.06,7.54,1.1,,
9/10/2020,11:02,Morning,Overcast/rain,3,1,T7,Establishment,Hach,,,,8.9,85.5
9/10/2020,11:02,Morning,Overcast/rain,3,2,T7,Establishment,Hach,,,,8.9,85.7
8/10/2020,18:30,Sunset,Overcast/Rain,3,1,T8,Establishment,Hach,,,,9.62,99.3
8/10/2020,18:30,Sunset,Overcast/Rain,3,2,T8,Establishment,Hach,,,,9.67,99.6
9/10/2020,6:51,Sunrise,Overcast/Rain,3,1,T8,Establishment,Hach,,,,8.99,85.9
9/10/2020,6:51,Sunrise,Overcast/rain,3,2,T8,Establishment,Hach,,,,8.91,84.9
9/10/2020,11:02,Morning,Overcast/rain,3,1,T8,Establishment,Horiba,12.99,7.5,1.9,,
9/10/2020,11:02,Morning,Overcast/rain,3,2,T8,Establishment,Horiba,12.96,7.51,33.6,,
9/10/2020,11:02,Morning,Overcast/rain,3,3,T8,Establishment,Horiba,13.05,7.54,2.1,,
9/10/2020,11:02,Morning,Overcast/rain,3,1,T8,Establishment,Hach,,,,9.39,90.2
9/10/2020,11:02,Morning,Overcast/rain,3,2,T8,Establishment,Hach,,,,9.37,90.2
8/10/2020,18:30,Sunset,Overcast/Rain,3,1,T9,Establishment,Hach,,,,9.61,99.1
8/10/2020,18:30,Sunset,Overcast/Rain,3,2,T9,Establishment,Hach,,,,9.6,98.9
9/10/2020,6:51,Sunrise,Overcast/Rain,3,1,T9,Establishment,Hach,,,,9.07,86.6
9/10/2020,6:51,Sunrise,Overcast/rain,3,2,T9,Establishment,Hach,,,,8.12,86.9
9/10/2020,11:02,Morning,Overcast/rain,3,1,T9,Establishment,Horiba,13,7.53,1.6,,
9/10/2020,11:02,Morning,Overcast/rain,3,2,T9,Establishment,Horiba,13.01,7.53,1.5,,
9/10/2020,11:02,Morning,Overcast/rain,3,3,T9,Establishment,Horiba,13.03,7.55,32.3,,
9/10/2020,11:02,Morning,Overcast/rain,3,1,T9,Establishment,Hach,,,,9.35,89.9
9/10/2020,11:02,Morning,Overcast/rain,3,2,T9,Establishment,Hach,,,,9.35,89.9
8/10/2020,18:30,Sunset,Overcast/Rain,3,1,T10,Establishment,Hach,,,,9.55,98.4
8/10/2020,18:30,Sunset,Overcast/Rain,3,2,T10,Establishment,Hach,,,,9.5,97.7
9/10/2020,6:51,Sunrise,Overcast/Rain,3,1,T10,Establishment,Hach,,,,9.1,86.8
9/10/2020,6:51,Sunrise,Overcast/rain,3,2,T10,Establishment,Hach,,,,9.01,85.7
9/10/2020,11:12,Morning,Overcast/rain,3,1,T10,Establishment,Horiba,12.67,7.21,30.8,,
9/10/2020,11:12,Morning,Overcast/rain,3,2,T10,Establishment,Horiba,12.93,7.61,0.8,,
9/10/2020,11:12,Morning,Overcast/rain,3,3,T10,Establishment,Horiba,12.67,7.54,30.4,,
9/10/2020,11:12,Morning,Overcast/rain,3,1,T10,Establishment,Hach,,,,9.24,88.8
9/10/2020,11:12,Morning,Overcast/rain,3,2,T10,Establishment,Hach,,,,9.31,89.1
8/10/2020,18:30,Sunset,Overcast/Rain,3,1,T11,Establishment,Hach,,,,9.17,94.1
8/10/2020,18:30,Sunset,Overcast/Rain,3,2,T11,Establishment,Hach,,,,9.16,93.1
9/10/2020,6:51,Sunrise,Overcast/Rain,3,1,T11,Establishment,Hach,,,,8.61,81.9
9/10/2020,6:51,Sunrise,Overcast/rain,3,2,T11,Establishment,Hach,,,,8.49,80.7
9/10/2020,11:12,Morning,Overcast/rain,3,1,T11,Establishment,Horiba,12.79,7.66,34.2,,
9/10/2020,11:12,Morning,Overcast/rain,3,2,T11,Establishment,Horiba,12.8,7.58,7,,
9/10/2020,11:12,Morning,Overcast/rain,3,3,T11,Establishment,Horiba,12.82,7.58,3.72,,
9/10/2020,11:12,Morning,Overcast/rain,3,1,T11,Establishment,Hach,,,,8.82,84.8
9/10/2020,11:12,Morning,Overcast/rain,3,2,T11,Establishment,Hach,,,,8.87,84.7
8/10/2020,18:30,Sunset,Overcast/Rain,3,1,T12,Establishment,Hach,,,,9.48,97
8/10/2020,18:30,Sunset,Overcast/Rain,3,2,T12,Establishment,Hach,,,,9.53,97.4
9/10/2020,6:51,Sunrise,Overcast/Rain,3,1,T12,Establishment,Hach,,,,9.03,85.9
9/10/2020,6:51,Sunrise,Overcast/rain,3,2,T12,Establishment,Hach,,,,9.03,85.7
9/10/2020,11:12,Morning,Overcast/rain,3,1,T12,Establishment,Horiba,12.77,7.56,1.1,,
9/10/2020,11:12,Morning,Overcast/rain,3,2,T12,Establishment,Horiba,12.76,7.55,7,,
9/10/2020,11:12,Morning,Overcast/rain,3,3,T12,Establishment,Horiba,12.65,7.49,33.8,,
9/10/2020,11:12,Morning,Overcast/rain,3,1,T12,Establishment,Hach,,,,9.16,88.8
9/10/2020,11:12,Morning,Overcast/rain,3,2,T12,Establishment,Hach,,,,9.23,88
14/10/2020,18:30,Sunset,Sunny,4,1,T1,Establishment,Hach,,,,9.41,105.3
14/10/2020,18:30,Sunset,Sunny,4,2,T1,Establishment,Hach,,,,9.12,102.8
15/10/2020,6:44,Sunrise,Fine,4,1,T1,Establishment,Hach,,,,8.26,89
15/10/2020,6:44,Sunrise,Fine,4,2,T1,Establishment,Hach,,,,8.24,88.9
15/10/2020,10:27,Morning,Overcast,4,1,T1,Establishment,Horiba,18.87,7.14,0,,
15/10/2020,10:27,Morning,Overcast,4,2,T1,Establishment,Horiba,18.77,8.5,0.5,,
15/10/2020,10:27,Morning,Overcast,4,3,T1,Establishment,Horiba,18.93,8.65,0,,
15/10/2020,10:27,Morning,Overcast,4,1,T1,Establishment,Hach,,,,9.12,98.8
15/10/2020,10:27,Morning,Overcast,4,2,T1,Establishment,Hach,,,,9.11,98.8
14/10/2020,18:30,Sunset,Sunny,4,1,T2,Establishment,Hach,,,,9.68,109.2
14/10/2020,18:30,Sunset,Sunny,4,2,T2,Establishment,Hach,,,,9.46,107.1
15/10/2020,6:44,Sunrise,Fine,4,1,T2,Establishment,Hach,,,,8.33,90.2
15/10/2020,6:44,Sunrise,Fine,4,2,T2,Establishment,Hach,,,,8.24,89.2
15/10/2020,10:27,Morning,Overcast,4,1,T2,Establishment,Horiba,19.01,7.59,0,,
15/10/2020,10:27,Morning,Overcast,4,2,T2,Establishment,Horiba,18.91,8.51,9.3,,
15/10/2020,10:27,Morning,Overcast,4,3,T2,Establishment,Horiba,19.03,8.62,0,,
15/10/2020,10:27,Morning,Overcast,4,1,T2,Establishment,Hach,,,,9.01,98
15/10/2020,10:27,Morning,Overcast,4,2,T2,Establishment,Hach,,,,8.97,97.8
14/10/2020,18:30,Sunset,Sunny,4,1,T3,Establishment,Hach,,,,9.75,110.9
14/10/2020,18:30,Sunset,Sunny,4,2,T3,Establishment,Hach,,,,9.77,111.4
15/10/2020,6:44,Sunrise,Fine,4,1,T3,Establishment,Hach,,,,8.31,90.4
15/10/2020,6:44,Sunrise,Fine,4,2,T3,Establishment,Hach,,,,8.41,91.4
15/10/2020,10:27,Morning,Overcast,4,1,T3,Establishment,Horiba,19.19,8.11,0,,
15/10/2020,10:27,Morning,Overcast,4,2,T3,Establishment,Horiba,19.17,8.65,0,,
15/10/2020,10:27,Morning,Overcast,4,3,T3,Establishment,Horiba,19.15,8.65,0,,
15/10/2020,10:27,Morning,Overcast,4,1,T3,Establishment,Hach,,,,9.04,98.7
15/10/2020,10:27,Morning,Overcast,4,2,T3,Establishment,Hach,,,,9.03,98.7
14/10/2020,18:30,Sunset,Sunny,4,1,T4,Establishment,Hach,,,,9.96,113.9
14/10/2020,18:30,Sunset,Sunny,4,2,T4,Establishment,Hach,,,,9.83,112.6
15/10/2020,6:44,Sunrise,Fine,4,1,T4,Establishment,Hach,,,,8.11,88.6
15/10/2020,6:44,Sunrise,Fine,4,2,T4,Establishment,Hach,,,,8.29,90.5
15/10/2020,10:27,Morning,Overcast,4,1,T4,Establishment,Horiba,19.25,8.23,0,,
15/10/2020,10:27,Morning,Overcast,4,2,T4,Establishment,Horiba,19.25,8.67,0,,
15/10/2020,10:27,Morning,Overcast,4,3,T4,Establishment,Horiba,19.32,8.67,0,,
15/10/2020,10:27,Morning,Overcast,4,1,T4,Establishment,Hach,,,,8.97,98.2
15/10/2020,10:27,Morning,Overcast,4,2,T4,Establishment,Hach,,,,8.92,97.8
14/10/2020,18:30,Sunset,Sunny,4,1,T5,Establishment,Hach,,,,8.59,99.2
14/10/2020,18:30,Sunset,Sunny,4,2,T5,Establishment,Hach,,,,9.81,112.8
15/10/2020,6:44,Sunrise,Fine,4,1,T5,Establishment,Hach,,,,8.25,90.8
15/10/2020,6:44,Sunrise,Fine,4,2,T5,Establishment,Hach,,,,8.38,92.1
15/10/2020,10:27,Morning,Overcast,4,1,T5,Establishment,Horiba,19.5,7.93,0,,
15/10/2020,10:27,Morning,Overcast,4,2,T5,Establishment,Horiba,19.45,8.68,0,,
15/10/2020,10:27,Morning,Overcast,4,3,T5,Establishment,Horiba,19.45,8.72,0,,
15/10/2020,10:27,Morning,Overcast,4,1,T5,Establishment,Hach,,,,8.83,97
15/10/2020,10:27,Morning,Overcast,4,2,T5,Establishment,Hach,,,,8.81,96.7
14/10/2020,18:30,Sunset,Sunny,4,1,T6,Establishment,Hach,,,,8.97,103.5
14/10/2020,18:30,Sunset,Sunny,4,2,T6,Establishment,Hach,,,,9.16,104
15/10/2020,6:44,Sunrise,Fine,4,1,T6,Establishment,Hach,,,,7.99,87.7
15/10/2020,6:44,Sunrise,Fine,4,2,T6,Establishment,Hach,,,,7.95,87.2
15/10/2020,10:27,Morning,Overcast,4,1,T6,Establishment,Horiba,19.26,8.08,0,,
15/10/2020,10:27,Morning,Overcast,4,2,T6,Establishment,Horiba,19.41,8.71,0,,
15/10/2020,10:27,Morning,Overcast,4,3,T6,Establishment,Horiba,19.4,8.66,0,,
15/10/2020,10:27,Morning,Overcast,4,1,T6,Establishment,Hach,,,,8.26,90.6
15/10/2020,10:27,Morning,Overcast,4,2,T6,Establishment,Hach,,,,8.23,90.3
14/10/2020,18:30,Sunset,Sunny,4,1,T7,Establishment,Hach,,,,6.87,77.5
14/10/2020,18:30,Sunset,Sunny,4,2,T7,Establishment,Hach,,,,9.15,102.2
15/10/2020,6:44,Sunrise,Fine,4,1,T7,Establishment,Hach,,,,7.95,86
15/10/2020,6:44,Sunrise,Fine,4,2,T7,Establishment,Hach,,,,8.34,90.1
15/10/2020,10:37,Morning,Overcast,4,1,T7,Establishment,Horiba,18.95,8.38,0,,
15/10/2020,10:37,Morning,Overcast,4,2,T7,Establishment,Horiba,19.06,8.65,0,,
15/10/2020,10:37,Morning,Overcast,4,3,T7,Establishment,Horiba,18.94,8.72,0,,
15/10/2020,10:37,Morning,Overcast,4,1,T7,Establishment,Hach,,,,8.77,95.4
15/10/2020,10:37,Morning,Overcast,4,2,T7,Establishment,Hach,,,,8.78,95.6
14/10/2020,18:30,Sunset,Sunny,4,1,T8,Establishment,Hach,,,,9.56,107.2
14/10/2020,18:30,Sunset,Sunny,4,2,T8,Establishment,Hach,,,,9.77,108.8
15/10/2020,6:44,Sunrise,Fine,4,1,T8,Establishment,Hach,,,,8.5,92
15/10/2020,6:44,Sunrise,Fine,4,2,T8,Establishment,Hach,,,,8.56,92.5
15/10/2020,10:37,Morning,Overcast,4,1,T8,Establishment,Horiba,18.93,8.42,0,,
15/10/2020,10:37,Morning,Overcast,4,2,T8,Establishment,Horiba,18.98,8.46,0,,
15/10/2020,10:37,Morning,Overcast,4,3,T8,Establishment,Horiba,18.99,8.69,0,,
15/10/2020,10:37,Morning,Overcast,4,1,T8,Establishment,Hach,,,,9.24,100.6
15/10/2020,10:37,Morning,Overcast,4,2,T8,Establishment,Hach,,,,9.24,100.6
14/10/2020,18:30,Sunset,Sunny,4,1,T9,Establishment,Hach,,,,9.85,110.3
14/10/2020,18:30,Sunset,Sunny,4,2,T9,Establishment,Hach,,,,9.89,109.7
15/10/2020,6:44,Sunrise,Fine,4,1,T9,Establishment,Hach,,,,8.81,95.1
15/10/2020,6:44,Sunrise,Fine,4,2,T9,Establishment,Hach,,,,9.05,97.7
15/10/2020,10:37,Morning,Overcast,4,1,T9,Establishment,Horiba,18.91,8.47,0,,
15/10/2020,10:37,Morning,Overcast,4,2,T9,Establishment,Horiba,18.95,8.58,0,,
15/10/2020,10:37,Morning,Overcast,4,3,T9,Establishment,Horiba,18.94,8.66,0,,
15/10/2020,10:37,Morning,Overcast,4,1,T9,Establishment,Hach,,,,9.5,103.4
15/10/2020,10:37,Morning,Overcast,4,2,T9,Establishment,Hach,,,,9.51,103.4
14/10/2020,18:30,Sunset,Sunny,4,1,T10,Establishment,Hach,,,,9.75,109
14/10/2020,18:30,Sunset,Sunny,4,2,T10,Establishment,Hach,,,,9.74,109.5
15/10/2020,6:44,Sunrise,Fine,4,1,T10,Establishment,Hach,,,,8.68,94
15/10/2020,6:44,Sunrise,Fine,4,2,T10,Establishment,Hach,,,,8.88,96.1
15/10/2020,10:40,Morning,Overcast,4,1,T10,Establishment,Horiba,18.92,8.57,0,,
15/10/2020,10:40,Morning,Overcast,4,2,T10,Establishment,Horiba,18.99,8.26,0,,
15/10/2020,10:40,Morning,Overcast,4,3,T10,Establishment,Horiba,18.96,8.56,0,,
15/10/2020,10:40,Morning,Overcast,4,1,T10,Establishment,Hach,,,,9.21,100.1
15/10/2020,10:40,Morning,Overcast,4,2,T10,Establishment,Hach,,,,9.19,99.9
14/10/2020,18:30,Sunset,Sunny,4,1,T11,Establishment,Hach,,,,9.67,108.9
14/10/2020,18:30,Sunset,Sunny,4,2,T11,Establishment,Hach,,,,9.58,108.6
15/10/2020,6:44,Sunrise,Fine,4,1,T11,Establishment,Hach,,,,8.32,90.3
15/10/2020,6:44,Sunrise,Fine,4,2,T11,Establishment,Hach,,,,8.46,91.7
15/10/2020,10:40,Morning,Overcast,4,1,T11,Establishment,Horiba,19.02,8.45,0,,
15/10/2020,10:40,Morning,Overcast,4,2,T11,Establishment,Horiba,19,8.44,0,,
15/10/2020,10:40,Morning,Overcast,4,3,T11,Establishment,Horiba,18.99,8.57,0,,
15/10/2020,10:40,Morning,Overcast,4,1,T11,Establishment,Hach,,,,8.82,96
15/10/2020,10:40,Morning,Overcast,4,2,T11,Establishment,Hach,,,,8.81,96
14/10/2020,18:30,Sunset,Sunny,4,1,T12,Establishment,Hach,,,,10.18,114.9
14/10/2020,18:30,Sunset,Sunny,4,2,T12,Establishment,Hach,,,,10.22,115.4
15/10/2020,6:44,Sunrise,Fine,4,1,T12,Establishment,Hach,,,,8.61,93.5
15/10/2020,6:44,Sunrise,Fine,4,2,T12,Establishment,Hach,,,,8.79,95.5
15/10/2020,10:40,Morning,Overcast,4,1,T12,Establishment,Horiba,19.06,8.52,0,,
15/10/2020,10:40,Morning,Overcast,4,2,T12,Establishment,Horiba,19.03,8.65,0,,
15/10/2020,10:40,Morning,Overcast,4,3,T12,Establishment,Horiba,18.94,8.61,0,,
15/10/2020,10:40,Morning,Overcast,4,1,T12,Establishment,Hach,,,,9.03,98.4
15/10/2020,10:40,Morning,Overcast,4,2,T12,Establishment,Hach,,,,9.04,98.4
21/10/2020,19:00,Sunset,Fine,5,1,T1,Fish only,Hach,,,,12.12,133
21/10/2020,19:00,Sunset,Fine,5,2,T1,Fish only,Hach,,,,12.53,135
22/10/2020,6:36,Sunrise,Fine,5,1,T1,Fish only,Hach,,,,10.05,100.5
22/10/2020,6:36,Sunrise,Fine,5,2,T1,Fish only,Hach,,,,9.84,97.2
22/10/2020,10:27,Morning,Fine,5,1,T1,Fish only,Horiba,16.11,10.05,37.3,,
22/10/2020,10:27,Morning,Fine,5,2,T1,Fish only,Horiba,16.1,9.81,0,,
22/10/2020,10:27,Morning,Fine,5,3,T1,Fish only,Horiba,16.59,10.84,0.7,,
22/10/2020,10:27,Morning,Fine,5,1,T1,Fish only,Hach,,,,10.48,107.3
22/10/2020,10:27,Morning,Fine,5,2,T1,Fish only,Hach,,,,10.79,110.4
21/10/2020,19:00,Sunset,Fine,5,1,T2,Fish only,Hach,,,,12.6,137.4
21/10/2020,19:00,Sunset,Fine,5,2,T2,Fish only,Hach,,,,13.01,140.3
22/10/2020,6:36,Sunrise,Fine,5,1,T2,Fish only,Hach,,,,10.72,106.7
22/10/2020,6:36,Sunrise,Fine,5,2,T2,Fish only,Hach,,,,10.51,103.8
22/10/2020,10:27,Morning,Fine,5,1,T2,Fish only,Horiba,16.2,8.69,2.9,,
22/10/2020,10:27,Morning,Fine,5,2,T2,Fish only,Horiba,16.47,10.34,0,,
22/10/2020,10:27,Morning,Fine,5,3,T2,Fish only,Horiba,16.79,10.82,0,,
22/10/2020,10:27,Morning,Fine,5,1,T2,Fish only,Hach,,,,11.61,118.9
22/10/2020,10:27,Morning,Fine,5,2,T2,Fish only,Hach,,,,11.25,115
21/10/2020,19:00,Sunset,Fine,5,1,T3,Fish only,Hach,,,,13.81,150.4
21/10/2020,19:00,Sunset,Fine,5,2,T3,Fish only,Hach,,,,13.9,150
22/10/2020,6:36,Sunrise,Fine,5,1,T3,Fish only,Hach,,,,11.21,111.5
22/10/2020,6:36,Sunrise,Fine,5,2,T3,Fish only,Hach,,,,11.06,109.3
22/10/2020,10:27,Morning,Fine,5,1,T3,Fish only,Horiba,15.9,9.33,7.3,,
22/10/2020,10:27,Morning,Fine,5,2,T3,Fish only,Horiba,16.29,10.52,63.6,,
22/10/2020,10:27,Morning,Fine,5,3,T3,Fish only,Horiba,16.35,11.06,17,,
22/10/2020,10:27,Morning,Fine,5,1,T3,Fish only,Hach,,,,11.81,120.8
22/10/2020,10:27,Morning,Fine,5,2,T3,Fish only,Hach,,,,12.05,123.4
21/10/2020,19:00,Sunset,Fine,5,1,T4,Fish only,Hach,,,,13.49,146.8
21/10/2020,19:00,Sunset,Fine,5,2,T4,Fish only,Hach,,,,12.84,138.9
22/10/2020,6:36,Sunrise,Fine,5,1,T4,Fish only,Hach,,,,10.28,102.6
22/10/2020,6:36,Sunrise,Fine,5,2,T4,Fish only,Hach,,,,10.12,100.3
22/10/2020,10:40,Morning,Fine,5,1,T4,Fish only,Horiba,16.19,10.88,28.4,,
22/10/2020,10:40,Morning,Fine,5,2,T4,Fish only,Horiba,15.93,10.9,8.2,,
22/10/2020,10:40,Morning,Fine,5,3,T4,Fish only,Horiba,16.35,10.83,9.5,,
22/10/2020,10:40,Morning,Fine,5,1,T4,Fish only,Hach,,,,10.95,112
22/10/2020,10:40,Morning,Fine,5,2,T4,Fish only,Hach,,,,10.92,111.9
21/10/2020,19:00,Sunset,Fine,5,1,T5,Fish only,Hach,,,,14.57,158.6
21/10/2020,19:00,Sunset,Fine,5,2,T5,Fish only,Hach,,,,13.7,148.3
22/10/2020,6:36,Sunrise,Fine,5,1,T5,Fish only,Hach,,,,11.19,111.6
22/10/2020,6:36,Sunrise,Fine,5,2,T5,Fish only,Hach,,,,11,109.2
22/10/2020,10:40,Morning,Fine,5,1,T5,Fish only,Horiba,15.88,10.82,19.3,,
22/10/2020,10:40,Morning,Fine,5,2,T5,Fish only,Horiba,15.47,10.81,0,,
22/10/2020,10:40,Morning,Fine,5,3,T5,Fish only,Horiba,16.21,10.91,5.5,,
22/10/2020,10:40,Morning,Fine,5,1,T5,Fish only,Hach,,,,11.39,115.5
22/10/2020,10:40,Morning,Fine,5,2,T5,Fish only,Hach,,,,11.38,116.2
21/10/2020,19:00,Sunset,Fine,5,1,T6,Fish only,Hach,,,,12.33,132.9
21/10/2020,19:00,Sunset,Fine,5,2,T6,Fish only,Hach,,,,11.86,127.2
22/10/2020,6:36,Sunrise,Fine,5,1,T6,Fish only,Hach,,,,9.82,97.8
22/10/2020,6:36,Sunrise,Fine,5,2,T6,Fish only,Hach,,,,9.73,96.5
22/10/2020,10:40,Morning,Fine,5,1,T6,Fish only,Horiba,15.14,10.72,29.1,,
22/10/2020,10:40,Morning,Fine,5,2,T6,Fish only,Horiba,15.15,10.9,19.3,,
22/10/2020,10:40,Morning,Fine,5,3,T6,Fish only,Horiba,15.31,10.9,7.8,,
22/10/2020,10:40,Morning,Fine,5,1,T6,Fish only,Hach,,,,10.13,101.5
22/10/2020,10:40,Morning,Fine,5,2,T6,Fish only,Hach,,,,10.17,101.8
21/10/2020,19:00,Sunset,Fine,5,1,T7,Fish only,Hach,,,,12.87,138.4
21/10/2020,19:00,Sunset,Fine,5,2,T7,Fish only,Hach,,,,13.34,142.8
22/10/2020,6:36,Sunrise,Fine,5,1,T7,Fish only,Hach,,,,11.1,110.1
22/10/2020,6:36,Sunrise,Fine,5,2,T7,Fish only,Hach,,,,10.71,105.7
22/10/2020,10:40,Morning,Fine,5,1,T7,Fish only,Horiba,15.27,10.7,0,,
22/10/2020,10:40,Morning,Fine,5,2,T7,Fish only,Horiba,15.65,11.09,3.9,,
22/10/2020,10:40,Morning,Fine,5,3,T7,Fish only,Horiba,15.11,10.61,42.4,,
22/10/2020,10:40,Morning,Fine,5,1,T7,Fish only,Hach,,,,11.15,112.5
22/10/2020,10:40,Morning,Fine,5,2,T7,Fish only,Hach,,,,11.12,112.3
21/10/2020,19:00,Sunset,Fine,5,1,T8,Fish only,Hach,,,,13.43,144.9
21/10/2020,19:00,Sunset,Fine,5,2,T8,Fish only,Hach,,,,13.15,141.3
22/10/2020,6:36,Sunrise,Fine,5,1,T8,Fish only,Hach,,,,11.09,110.1
22/10/2020,6:36,Sunrise,Fine,5,2,T8,Fish only,Hach,,,,10.75,106.4
22/10/2020,10:40,Morning,Fine,5,1,T8,Fish only,Horiba,15.55,10.74,8.4,,
22/10/2020,10:40,Morning,Fine,5,2,T8,Fish only,Horiba,16.14,11.27,0,,
22/10/2020,10:40,Morning,Fine,5,3,T8,Fish only,Horiba,15.63,10.87,8.7,,
22/10/2020,10:40,Morning,Fine,5,1,T8,Fish only,Hach,,,,11.71,118.4
22/10/2020,10:40,Morning,Fine,5,2,T8,Fish only,Hach,,,,12.02,121.9
21/10/2020,19:00,Sunset,Fine,5,1,T9,Fish only,Hach,,,,15.82,170.8
21/10/2020,19:00,Sunset,Fine,5,2,T9,Fish only,Hach,,,,15.64,168.1
22/10/2020,6:36,Sunrise,Fine,5,1,T9,Fish only,Hach,,,,12.88,127.7
22/10/2020,6:36,Sunrise,Fine,5,2,T9,Fish only,Hach,,,,12.74,125.8
22/10/2020,10:40,Morning,Fine,5,1,T9,Fish only,Horiba,16.06,11.18,0.5,,
22/10/2020,10:40,Morning,Fine,5,2,T9,Fish only,Horiba,15.93,11.47,0.4,,
22/10/2020,10:40,Morning,Fine,5,3,T9,Fish only,Horiba,16.04,11.14,0.1,,
22/10/2020,10:40,Morning,Fine,5,1,T9,Fish only,Hach,,,,13.65,139.3
22/10/2020,10:40,Morning,Fine,5,2,T9,Fish only,Hach,,,,13.55,138.5
21/10/2020,19:00,Sunset,Fine,5,1,T10,Fish only,Hach,,,,13.31,143.5
21/10/2020,19:00,Sunset,Fine,5,2,T10,Fish only,Hach,,,,13.81,148.5
22/10/2020,6:36,Sunrise,Fine,5,1,T10,Fish only,Hach,,,,11.32,112.4
22/10/2020,6:36,Sunrise,Fine,5,2,T10,Fish only,Hach,,,,10.75,106.5
22/10/2020,10:40,Morning,Fine,5,1,T10,Fish only,Horiba,16.26,11.27,0,,
22/10/2020,10:40,Morning,Fine,5,2,T10,Fish only,Horiba,15.88,10.84,0,,
22/10/2020,10:40,Morning,Fine,5,3,T10,Fish only,Horiba,16.14,11.13,0,,
22/10/2020,10:40,Morning,Fine,5,1,T10,Fish only,Hach,,,,11.85,121.4
22/10/2020,10:40,Morning,Fine,5,2,T10,Fish only,Hach,,,,11.75,120.1
21/10/2020,19:00,Sunset,Fine,5,1,T11,Fish only,Hach,,,,12.47,134.5
21/10/2020,19:00,Sunset,Fine,5,2,T11,Fish only,Hach,,,,134.5,135.6
22/10/2020,6:36,Sunrise,Fine,5,1,T11,Fish only,Hach,,,,10.53,104.3
22/10/2020,6:36,Sunrise,Fine,5,2,T11,Fish only,Hach,,,,10.4,102.7
22/10/2020,10:40,Morning,Fine,5,1,T11,Fish only,Horiba,16.28,11.01,0,,
22/10/2020,10:40,Morning,Fine,5,2,T11,Fish only,Horiba,15.56,10.78,8,,
22/10/2020,10:40,Morning,Fine,5,3,T11,Fish only,Horiba,16.14,10.99,17.6,,
22/10/2020,10:40,Morning,Fine,5,1,T11,Fish only,Hach,,,,10.73,110.2
22/10/2020,10:40,Morning,Fine,5,2,T11,Fish only,Hach,,,,11.01,110.6
21/10/2020,19:00,Sunset,Fine,5,1,T12,Fish only,Hach,,,,12.66,135.9
21/10/2020,19:00,Sunset,Fine,5,2,T12,Fish only,Hach,,,,12.91,138.2
22/10/2020,6:36,Sunrise,Fine,5,1,T12,Fish only,Hach,,,,10.94,108.1
22/10/2020,6:36,Sunrise,Fine,5,2,T12,Fish only,Hach,,,,10.14,99.1
22/10/2020,10:40,Morning,Fine,5,1,T12,Fish only,Horiba,15.53,10.84,0,,
22/10/2020,10:40,Morning,Fine,5,2,T12,Fish only,Horiba,15.26,10.76,33.5,,
22/10/2020,10:40,Morning,Fine,5,3,T12,Fish only,Horiba,15.92,10.84,0,,
22/10/2020,10:40,Morning,Fine,5,1,T12,Fish only,Hach,,,,10.94,111.2
22/10/2020,10:40,Morning,Fine,5,2,T12,Fish only,Hach,,,,10.85,110.5
28/10/2020,19:09,Sunset,Sunny,6,1,T1,Fish only,Hach,,,,11.26,135.4
28/10/2020,19:09,Sunset,Sunny,6,2,T1,Fish only,Hach,,,,12.15,142.8
28/10/2020,19:09,Sunset,Sunny,6,1,T1,Fish only,Horiba,24.42,9.89,,,
29/10/2020,6:30,Sunrise,Fine,6,1,T1,Fish only,Hach,,,,9.19,98.3
29/10/2020,6:30,Sunrise,Fine,6,2,T1,Fish only,Hach,,,,8.91,95.2
29/10/2020,6:30,Sunrise,Fine,6,1,T1,Fish only,Horiba,18,9.41,,,
29/10/2020,11:05,Morning,Sunny,6,1,T1,Fish only,Horiba,18.85,7,37.8,,
29/10/2020,11:05,Morning,Sunny,6,2,T1,Fish only,Horiba,19.28,9.89,17.8,,
29/10/2020,11:05,Morning,Sunny,6,3,T1,Fish only,Horiba,19.98,10.12,56,,
29/10/2020,11:05,Morning,Sunny,6,1,T1,Fish only,Hach,,,,9.58,106.5
29/10/2020,11:05,Morning,Sunny,6,2,T1,Fish only,Hach,,,,9.78,108.3
28/10/2020,19:09,Sunset,Sunny,6,1,T2,Fish only,Hach,,,,12.38,150.5
28/10/2020,19:09,Sunset,Sunny,6,2,T2,Fish only,Hach,,,,12.95,155
28/10/2020,19:09,Sunset,Sunny,6,1,T2,Fish only,Horiba,24.35,11.11,,,
29/10/2020,6:30,Sunrise,Fine,6,1,T2,Fish only,Hach,,,,9.93,107.2
29/10/2020,6:30,Sunrise,Fine,6,2,T2,Fish only,Hach,,,,9.61,103.2
29/10/2020,6:30,Sunrise,Fine,6,1,T2,Fish only,Horiba,18.4,8.11,,,
29/10/2020,11:05,Morning,Sunny,6,1,T2,Fish only,Horiba,19.97,7.89,10.5,,
29/10/2020,11:05,Morning,Sunny,6,2,T2,Fish only,Horiba,20.43,10.47,43.3,,
29/10/2020,11:05,Morning,Sunny,6,3,T2,Fish only,Horiba,20.8,10.93,1,,
29/10/2020,11:05,Morning,Sunny,6,1,T2,Fish only,Hach,,,,10.65,119.2
29/10/2020,11:05,Morning,Sunny,6,2,T2,Fish only,Hach,,,,10.51,118.2
28/10/2020,19:09,Sunset,Sunny,6,1,T3,Fish only,Hach,,,,12.91,159.1
28/10/2020,19:09,Sunset,Sunny,6,2,T3,Fish only,Hach,,,,12.89,156.9
28/10/2020,19:09,Sunset,Sunny,6,1,T3,Fish only,Horiba,24.52,11.16,8.8,,
29/10/2020,6:30,Sunrise,Fine,6,1,T3,Fish only,Hach,,,,9.58,104
29/10/2020,6:30,Sunrise,Fine,6,2,T3,Fish only,Hach,,,,9.6,103.8
29/10/2020,6:30,Sunrise,Fine,6,1,T3,Fish only,Horiba,18.7,8.52,50.9,,
29/10/2020,11:05,Morning,Sunny,6,1,T3,Fish only,Horiba,20.15,9.1,21.2,,
29/10/2020,11:05,Morning,Sunny,6,2,T3,Fish only,Horiba,20.65,10.81,57.5,,
29/10/2020,11:05,Morning,Sunny,6,3,T3,Fish only,Horiba,20.55,10.83,0,,
29/10/2020,11:05,Morning,Sunny,6,1,T3,Fish only,Hach,,,,9.84,110.7
29/10/2020,11:05,Morning,Sunny,6,2,T3,Fish only,Hach,,,,9.4,106.3
28/10/2020,19:09,Sunset,Sunny,6,1,T4,Fish only,Hach,,,,12.57,156.6
28/10/2020,19:09,Sunset,Sunny,6,2,T4,Fish only,Hach,,,,12.77,157.5
28/10/2020,19:09,Sunset,Sunny,6,1,T4,Fish only,Horiba,25.52,11.12,0,,
29/10/2020,6:30,Sunrise,Fine,6,1,T4,Fish only,Hach,,,,9.3,101.9
29/10/2020,6:30,Sunrise,Fine,6,2,T4,Fish only,Hach,,,,9.31,101.8
29/10/2020,6:30,Sunrise,Fine,6,1,T4,Fish only,Horiba,19.1,9.4,10.3,,
29/10/2020,11:05,Morning,Sunny,6,1,T4,Fish only,Horiba,20.13,9.5,6.2,,
29/10/2020,11:05,Morning,Sunny,6,2,T4,Fish only,Horiba,20.52,10.86,0,,
29/10/2020,11:05,Morning,Sunny,6,3,T4,Fish only,Horiba,20.44,10.72,73.6,,
29/10/2020,11:05,Morning,Sunny,6,1,T4,Fish only,Hach,,,,9.36,105.4
29/10/2020,11:05,Morning,Sunny,6,2,T4,Fish only,Hach,,,,9.33,105.4
28/10/2020,19:09,Sunset,Sunny,6,1,T5,Fish only,Hach,,,,12.17,150.8
28/10/2020,19:09,Sunset,Sunny,6,2,T5,Fish only,Hach,,,,13.04,159.1
28/10/2020,19:09,Sunset,Sunny,6,1,T5,Fish only,Horiba,24.53,10.57,,,
29/10/2020,6:30,Sunrise,Fine,6,1,T5,Fish only,Hach,,,,9.59,105.1
29/10/2020,6:30,Sunrise,Fine,6,2,T5,Fish only,Hach,,,,9.27,101.1
29/10/2020,6:30,Sunrise,Fine,6,1,T5,Fish only,Horiba,19.1,9.08,34.3,,
29/10/2020,11:05,Morning,Sunny,6,1,T5,Fish only,Horiba,19.57,9.68,1,,
29/10/2020,11:05,Morning,Sunny,6,2,T5,Fish only,Horiba,19.24,10.61,0,,
29/10/2020,11:05,Morning,Sunny,6,3,T5,Fish only,Horiba,20.01,10.63,28.6,,
29/10/2020,11:05,Morning,Sunny,6,1,T5,Fish only,Hach,,,,9,100.1
29/10/2020,11:05,Morning,Sunny,6,2,T5,Fish only,Hach,,,,9.01,100.2
28/10/2020,19:09,Sunset,Sunny,6,1,T6,Fish only,Hach,,,,12.32,149.7
28/10/2020,19:09,Sunset,Sunny,6,2,T6,Fish only,Hach,,,,12.57,151.5
28/10/2020,19:09,Sunset,Sunny,6,1,T6,Fish only,Horiba,23.41,9.87,42.1,,
29/10/2020,6:30,Sunrise,Fine,6,1,T6,Fish only,Hach,,,,9.2,100.4
29/10/2020,6:30,Sunrise,Fine,6,2,T6,Fish only,Hach,,,,9.09,99.1
29/10/2020,6:30,Sunrise,Fine,6,1,T6,Fish only,Horiba,19,8.91,33.6,,
29/10/2020,11:05,Morning,Sunny,6,1,T6,Fish only,Horiba,18.73,9.7,0,,
29/10/2020,11:05,Morning,Sunny,6,2,T6,Fish only,Horiba,19.02,10.57,16.9,,
29/10/2020,11:05,Morning,Sunny,6,3,T6,Fish only,Horiba,18.77,10.48,16.3,,
29/10/2020,11:05,Morning,Sunny,6,1,T6,Fish only,Hach,,,,8.7,95
29/10/2020,11:05,Morning,Sunny,6,2,T6,Fish only,Hach,,,,8.74,95.2
28/10/2020,19:09,Sunset,Sunny,6,1,T7,Fish only,Hach,,,,12.42,144.4
28/10/2020,19:09,Sunset,Sunny,6,2,T7,Fish only,Hach,,,,13.51,155.8
28/10/2020,19:09,Sunset,Sunny,6,1,T7,Fish only,Horiba,21.9,10.15,26.7,,
29/10/2020,6:30,Sunrise,Fine,6,1,T7,Fish only,Hach,,,,10.58,112.4
29/10/2020,6:30,Sunrise,Fine,6,2,T7,Fish only,Hach,,,,10.24,108.6
29/10/2020,6:30,Sunrise,Fine,6,1,T7,Fish only,Horiba,17.7,9.39,29.2,,
29/10/2020,11:05,Morning,Sunny,6,1,T7,Fish only,Horiba,19.07,10.66,4.8,,
29/10/2020,11:05,Morning,Sunny,6,2,T7,Fish only,Horiba,20.19,10.89,10.9,,
29/10/2020,11:05,Morning,Sunny,6,3,T7,Fish only,Horiba,19.33,11.08,20.1,,
29/10/2020,11:05,Morning,Sunny,6,1,T7,Fish only,Hach,,,,10.76,116.2
29/10/2020,11:05,Morning,Sunny,6,2,T7,Fish only,Hach,,,,10.01,109
28/10/2020,19:09,Sunset,Sunny,6,1,T8,Fish only,Hach,,,,11.7,138.4
28/10/2020,19:09,Sunset,Sunny,6,2,T8,Fish only,Hach,,,,12.75,149.5
28/10/2020,19:09,Sunset,Sunny,6,1,T8,Fish only,Horiba,22.8,10.38,12,,
29/10/2020,6:30,Sunrise,Fine,6,1,T8,Fish only,Hach,,,,10.28,110.4
29/10/2020,6:30,Sunrise,Fine,6,2,T8,Fish only,Hach,,,,9.8,104.8
29/10/2020,6:30,Sunrise,Fine,6,1,T8,Fish only,Horiba,18.1,9.72,19.1,,
29/10/2020,11:05,Morning,Sunny,6,1,T8,Fish only,Horiba,19.63,10.82,18.9,,
29/10/2020,11:05,Morning,Sunny,6,2,T8,Fish only,Horiba,20.86,10.78,19.2,,
29/10/2020,11:05,Morning,Sunny,6,3,T8,Fish only,Horiba,20.81,10.94,19.7,,
29/10/2020,11:05,Morning,Sunny,6,1,T8,Fish only,Hach,,,,10.04,111.1
29/10/2020,11:05,Morning,Sunny,6,2,T8,Fish only,Hach,,,,10.05,111.4
28/10/2020,19:09,Sunset,Sunny,6,1,T9,Fish only,Hach,,,,11.61,139.3
28/10/2020,19:09,Sunset,Sunny,6,2,T9,Fish only,Hach,,,,12.04,144.1
28/10/2020,19:09,Sunset,Sunny,6,1,T9,Fish only,Horiba,23.8,10.09,17.3,,
29/10/2020,6:30,Sunrise,Fine,6,1,T9,Fish only,Hach,,,,9.67,104.2
29/10/2020,6:30,Sunrise,Fine,6,2,T9,Fish only,Hach,,,,9.29,99.8
29/10/2020,6:30,Sunrise,Fine,6,1,T9,Fish only,Horiba,18.3,9.53,31.4,,
29/10/2020,11:05,Morning,Sunny,6,1,T9,Fish only,Horiba,20.6,10.73,19,,
29/10/2020,11:05,Morning,Sunny,6,2,T9,Fish only,Horiba,20.75,9.72,16.2,,
29/10/2020,11:05,Morning,Sunny,6,3,T9,Fish only,Horiba,20.92,10.74,9,,
29/10/2020,11:05,Morning,Sunny,6,1,T9,Fish only,Hach,,,,9.93,111.5
29/10/2020,11:05,Morning,Sunny,6,2,T9,Fish only,Hach,,,,9.97,112
28/10/2020,19:09,Sunset,Sunny,6,1,T10,Fish only,Hach,,,,12.23,148.9
28/10/2020,19:09,Sunset,Sunny,6,2,T10,Fish only,Hach,,,,13.39,162.5
28/10/2020,19:09,Sunset,Sunny,6,1,T10,Fish only,Horiba,24.6,10.07,19.9,,
29/10/2020,6:30,Sunrise,Fine,6,1,T10,Fish only,Hach,,,,9.51,103.2
29/10/2020,6:30,Sunrise,Fine,6,2,T10,Fish only,Hach,,,,9.9,107.1
29/10/2020,6:30,Sunrise,Fine,6,1,T10,Fish only,Horiba,18.7,9.57,19.4,,
29/10/2020,11:05,Morning,Sunny,6,1,T10,Fish only,Horiba,21.17,10.88,0,,
29/10/2020,11:05,Morning,Sunny,6,2,T10,Fish only,Horiba,20.21,10.75,18.5,,
29/10/2020,11:05,Morning,Sunny,6,3,T10,Fish only,Horiba,20.63,10.94,29.5,,
29/10/2020,11:05,Morning,Sunny,6,1,T10,Fish only,Hach,,,,10.13,114.1
29/10/2020,11:05,Morning,Sunny,6,2,T10,Fish only,Hach,,,,10.4,117.9
28/10/2020,19:09,Sunset,Sunny,6,1,T11,Fish only,Hach,,,,12.96,157.7
28/10/2020,19:09,Sunset,Sunny,6,2,T11,Fish only,Hach,,,,13.41,163.6
28/10/2020,19:09,Sunset,Sunny,6,1,T11,Fish only,Horiba,24.9,9.94,38.8,,
29/10/2020,6:30,Sunrise,Fine,6,1,T11,Fish only,Hach,,,,9.78,106.1
29/10/2020,6:30,Sunrise,Fine,6,2,T11,Fish only,Hach,,,,9.69,104.7
29/10/2020,6:30,Sunrise,Fine,6,1,T11,Fish only,Horiba,18.7,9.42,51,,
29/10/2020,11:05,Morning,Sunny,6,1,T11,Fish only,Horiba,20.81,10.76,29.3,,
29/10/2020,11:05,Morning,Sunny,6,2,T11,Fish only,Horiba,19.47,10.56,35.9,,
29/10/2020,11:05,Morning,Sunny,6,3,T11,Fish only,Horiba,20.09,10.67,27.1,,
29/10/2020,11:05,Morning,Sunny,6,1,T11,Fish only,Hach,,,,9.99,112.1
29/10/2020,11:05,Morning,Sunny,6,2,T11,Fish only,Hach,,,,10.19,115
28/10/2020,19:09,Sunset,Sunny,6,1,T12,Fish only,Hach,,,,12.13,148.2
28/10/2020,19:09,Sunset,Sunny,6,2,T12,Fish only,Hach,,,,12.77,155.4
28/10/2020,19:09,Sunset,Sunny,6,1,T12,Fish only,Horiba,24.9,10.03,9.1,,
29/10/2020,6:30,Sunrise,Fine,6,1,T12,Fish only,Hach,,,,10.11,109.7
29/10/2020,6:30,Sunrise,Fine,6,2,T12,Fish only,Hach,,,,9.49,102.8
29/10/2020,6:30,Sunrise,Fine,6,1,T12,Fish only,Horiba,18.7,9.56,31.1,,
29/10/2020,11:05,Morning,Sunny,6,1,T12,Fish only,Horiba,20.1,10.72,23.3,,
29/10/2020,11:05,Morning,Sunny,6,2,T12,Fish only,Horiba,19.38,10.51,23.8,,
29/10/2020,11:05,Morning,Sunny,6,3,T12,Fish only,Horiba,19.15,10.55,21.9,,
29/10/2020,11:05,Morning,Sunny,6,1,T12,Fish only,Hach,,,,9.32,103.3
29/10/2020,11:05,Morning,Sunny,6,2,T12,Fish only,Hach,,,,9.4,104.9
4/11/2020,19:36,Sunset,Overcast/rainy,7,1,T1,Fish only,Hach,,,,8.82,95.9
4/11/2020,19:36,Sunset,Overcast/rainy,7,2,T1,Fish only,Hach,,,,8.62,94.3
5/11/2020,6:19,Sunrise,Overcast/rainy,7,1,T1,Fish only,Hach,,,,7.26,73.8
5/11/2020,6:19,Sunrise,Overcast/rainy,7,2,T1,Fish only,Hach,,,,7.44,74.6
5/11/2020,10:40,Morning,Overcast/rainy,7,1,T1,Fish only,Horiba,17.07,7.83,0,,
5/11/2020,10:40,Morning,Overcast/rainy,7,2,T1,Fish only,Horiba,15.95,8.79,6.9,,
5/11/2020,10:40,Morning,Overcast/rainy,7,3,T1,Fish only,Horiba,16.1,9.07,0,,
5/11/2020,10:40,Morning,Overcast/rainy,7,1,T1,Fish only,Hach,,,,8.83,89.1
5/11/2020,10:40,Morning,Overcast/rainy,7,2,T1,Fish only,Hach,,,,8.73,88.3
4/11/2020,19:36,Sunset,Overcast/rainy,7,1,T2,Fish only,Hach,,,,8.73,95.6
4/11/2020,19:36,Sunset,Overcast/rainy,7,2,T2,Fish only,Hach,,,,8.7,95.5
5/11/2020,6:19,Sunrise,Overcast/rainy,7,1,T2,Fish only,Hach,,,,7.39,74.9
5/11/2020,6:19,Sunrise,Overcast/rainy,7,2,T2,Fish only,Hach,,,,7.39,74.3
5/11/2020,10:40,Morning,Overcast/rainy,7,1,T2,Fish only,Horiba,16.55,8.25,0,,
5/11/2020,10:40,Morning,Overcast/rainy,7,2,T2,Fish only,Horiba,15.95,8.82,8.9,,
5/11/2020,10:40,Morning,Overcast/rainy,7,3,T2,Fish only,Horiba,16.06,8.96,0.6,,
5/11/2020,10:40,Morning,Overcast/rainy,7,1,T2,Fish only,Hach,,,,8.78,89.1
5/11/2020,10:40,Morning,Overcast/rainy,7,2,T2,Fish only,Hach,,,,8.79,89.3
4/11/2020,19:36,Sunset,Overcast/rainy,7,1,T3,Fish only,Hach,,,,8.66,95.3
4/11/2020,19:36,Sunset,Overcast/rainy,7,2,T3,Fish only,Hach,,,,8.67,95.6
5/11/2020,6:19,Sunrise,Overcast/rainy,7,1,T3,Fish only,Hach,,,,7.38,75
5/11/2020,6:19,Sunrise,Overcast/rainy,7,2,T3,Fish only,Hach,,,,7.44,75
5/11/2020,10:40,Morning,Overcast/rainy,7,1,T3,Fish only,Horiba,16.24,8.73,0,,
5/11/2020,10:40,Morning,Overcast/rainy,7,2,T3,Fish only,Horiba,15.78,8.69,29.5,,
5/11/2020,10:40,Morning,Overcast/rainy,7,3,T3,Fish only,Horiba,15.91,8.88,18.1,,
5/11/2020,10:40,Morning,Overcast/rainy,7,1,T3,Fish only,Hach,,,,8.93,91
5/11/2020,10:40,Morning,Overcast/rainy,7,2,T3,Fish only,Hach,,,,8.92,90.9
4/11/2020,19:45,Sunset,Overcast/rainy,7,1,T4,Fish only,Hach,,,,9.05,99.4
4/11/2020,19:45,Sunset,Overcast/rainy,7,2,T4,Fish only,Hach,,,,8.89,97.7
5/11/2020,6:22,Sunrise,Overcast/rainy,7,1,T4,Fish only,Hach,,,,7.59,77.5
5/11/2020,6:22,Sunrise,Overcast/rainy,7,2,T4,Fish only,Hach,,,,7.56,76.7
5/11/2020,10:54,Morning,Overcast/rainy,7,1,T4,Fish only,Horiba,15.75,8.88,8.4,,
5/11/2020,10:54,Morning,Overcast/rainy,7,2,T4,Fish only,Horiba,15.21,9.14,8.4,,
5/11/2020,10:54,Morning,Overcast/rainy,7,3,T4,Fish only,Horiba,14.82,8.83,18.2,,
5/11/2020,10:54,Morning,Overcast/rainy,7,1,T4,Fish only,Hach,,,,9.04,91.8
5/11/2020,10:54,Morning,Overcast/rainy,7,2,T4,Fish only,Hach,,,,9.1,92.3
4/11/2020,19:45,Sunset,Overcast/rainy,7,1,T5,Fish only,Hach,,,,8.66,95.4
4/11/2020,19:45,Sunset,Overcast/rainy,7,2,T5,Fish only,Hach,,,,8.6,94.5
5/11/2020,6:22,Sunrise,Overcast/rainy,7,1,T5,Fish only,Hach,,,,7.52,76.6
5/11/2020,6:22,Sunrise,Overcast/rainy,7,2,T5,Fish only,Hach,,,,7.3,74
5/11/2020,10:54,Morning,Overcast/rainy,7,1,T5,Fish only,Horiba,15.15,9,27,,
5/11/2020,10:54,Morning,Overcast/rainy,7,2,T5,Fish only,Horiba,15.43,9.19,19,,
5/11/2020,10:54,Morning,Overcast/rainy,7,3,T5,Fish only,Horiba,14.75,8.9,15.7,,
5/11/2020,10:54,Morning,Overcast/rainy,7,1,T5,Fish only,Hach,,,,8.94,89.8
5/11/2020,10:54,Morning,Overcast/rainy,7,2,T5,Fish only,Hach,,,,8.95,89.7
4/11/2020,19:45,Sunset,Overcast/rainy,7,1,T6,Fish only,Hach,,,,7.7,85
4/11/2020,19:45,Sunset,Overcast/rainy,7,2,T6,Fish only,Hach,,,,7.65,84.2
5/11/2020,6:22,Sunrise,Overcast/rainy,7,1,T6,Fish only,Hach,,,,6.64,67.7
5/11/2020,6:22,Sunrise,Overcast/rainy,7,2,T6,Fish only,Hach,,,,6.67,67.5
5/11/2020,10:54,Morning,Overcast/rainy,7,1,T6,Fish only,Horiba,15.04,9.23,7.9,,
5/11/2020,10:54,Morning,Overcast/rainy,7,2,T6,Fish only,Horiba,14.55,8.95,35.1,,
5/11/2020,10:54,Morning,Overcast/rainy,7,3,T6,Fish only,Horiba,14.58,8.52,36.6,,
5/11/2020,10:54,Morning,Overcast/rainy,7,1,T6,Fish only,Hach,,,,7.86,78.2
5/11/2020,10:54,Morning,Overcast/rainy,7,2,T6,Fish only,Hach,,,,7.89,78.6
4/11/2020,19:49,Sunset,Overcast/rainy,7,1,T7,Fish only,Hach,,,,9.23,101.2
4/11/2020,19:49,Sunset,Overcast/rainy,7,2,T7,Fish only,Hach,,,,9.14,100.2
5/11/2020,6:25,Sunrise,Overcast/rainy,7,1,T7,Fish only,Hach,,,,7.86,79.9
5/11/2020,6:25,Sunrise,Overcast/rainy,7,2,T7,Fish only,Hach,,,,7.86,79.6
5/11/2020,10:54,Morning,Overcast/rainy,7,1,T7,Fish only,Horiba,14.24,8.31,34,,
5/11/2020,10:54,Morning,Overcast/rainy,7,2,T7,Fish only,Horiba,15.67,9.04,0,,
5/11/2020,10:54,Morning,Overcast/rainy,7,3,T7,Fish only,Horiba,15.5,8.88,28.8,,
5/11/2020,10:54,Morning,Overcast/rainy,7,1,T7,Fish only,Hach,,,,9.41,94.7
5/11/2020,10:54,Morning,Overcast/rainy,7,2,T7,Fish only,Hach,,,,9.41,95
4/11/2020,19:49,Sunset,Overcast/rainy,7,1,T8,Fish only,Hach,,,,8.73,96.4
4/11/2020,19:49,Sunset,Overcast/rainy,7,2,T8,Fish only,Hach,,,,8.73,96.3
5/11/2020,6:25,Sunrise,Overcast/rainy,7,1,T8,Fish only,Hach,,,,7.69,78.4
5/11/2020,6:25,Sunrise,Overcast/rainy,7,2,T8,Fish only,Hach,,,,7.37,74.9
5/11/2020,10:54,Morning,Overcast/rainy,7,1,T8,Fish only,Horiba,14.99,8.83,18.8,,
5/11/2020,10:54,Morning,Overcast/rainy,7,2,T8,Fish only,Horiba,15.48,9.01,31.1,,
5/11/2020,10:54,Morning,Overcast/rainy,7,3,T8,Fish only,Horiba,15.74,8.99,18.1,,
5/11/2020,10:54,Morning,Overcast/rainy,7,1,T8,Fish only,Hach,,,,8.97,91.5
5/11/2020,10:54,Morning,Overcast/rainy,7,2,T8,Fish only,Hach,,,,8.98,91.7
4/11/2020,19:49,Sunset,Overcast/rainy,7,1,T9,Fish only,Hach,,,,9.23,101.4
4/11/2020,19:49,Sunset,Overcast/rainy,7,2,T9,Fish only,Hach,,,,9.14,100.6
5/11/2020,6:25,Sunrise,Overcast/rainy,7,1,T9,Fish only,Hach,,,,8.02,81.7
5/11/2020,6:25,Sunrise,Overcast/rainy,7,2,T9,Fish only,Hach,,,,8.03,81.6
5/11/2020,10:54,Morning,Overcast/rainy,7,1,T9,Fish only,Horiba,15.59,8.83,30.8,,
5/11/2020,10:54,Morning,Overcast/rainy,7,2,T9,Fish only,Horiba,15.77,8.89,19.3,,
5/11/2020,10:54,Morning,Overcast/rainy,7,3,T9,Fish only,Horiba,16.01,8.83,28.5,,
5/11/2020,10:54,Morning,Overcast/rainy,7,1,T9,Fish only,Hach,,,,9.44,96.4
5/11/2020,10:54,Morning,Overcast/rainy,7,2,T9,Fish only,Hach,,,,9.46,96.8
4/11/2020,19:53,Sunset,Overcast/rainy,7,1,T10,Fish only,Hach,,,,8.59,94.5
4/11/2020,19:53,Sunset,Overcast/rainy,7,2,T10,Fish only,Hach,,,,8.44,93.3
5/11/2020,6:27,Sunrise,Overcast/rainy,7,1,T10,Fish only,Hach,,,,7.34,74.9
5/11/2020,6:27,Sunrise,Overcast/rainy,7,2,T10,Fish only,Hach,,,,7.32,74.6
5/11/2020,10:54,Morning,Overcast/rainy,7,1,T10,Fish only,Horiba,16.47,8.84,0.4,,
5/11/2020,10:54,Morning,Overcast/rainy,7,2,T10,Fish only,Horiba,15.29,8.33,19.7,,
5/11/2020,10:54,Morning,Overcast/rainy,7,3,T10,Fish only,Horiba,15.41,8.57,20.3,,
5/11/2020,10:54,Morning,Overcast/rainy,7,1,T10,Fish only,Hach,,,,8.65,88.6
5/11/2020,10:54,Morning,Overcast/rainy,7,2,T10,Fish only,Hach,,,,8.64,88.7
4/11/2020,19:53,Sunset,Overcast/rainy,7,1,T11,Fish only,Hach,,,,8.61,94.7
4/11/2020,19:53,Sunset,Overcast/rainy,7,2,T11,Fish only,Hach,,,,8.54,94.2
5/11/2020,6:27,Sunrise,Overcast/rainy,7,1,T11,Fish only,Hach,,,,7.36,74.9
5/11/2020,6:27,Sunrise,Overcast/rainy,7,2,T11,Fish only,Hach,,,,7.35,74.6
5/11/2020,10:54,Morning,Overcast/rainy,7,1,T11,Fish only,Horiba,16.46,8.84,2.4,,
5/11/2020,10:54,Morning,Overcast/rainy,7,2,T11,Fish only,Horiba,16.24,8.62,4.5,,
5/11/2020,10:54,Morning,Overcast/rainy,7,3,T11,Fish only,Horiba,15.69,8.58,19.5,,
5/11/2020,10:54,Morning,Overcast/rainy,7,1,T11,Fish only,Hach,,,,8.74,89
5/11/2020,10:54,Morning,Overcast/rainy,7,2,T11,Fish only,Hach,,,,8.64,88.2
4/11/2020,19:53,Sunset,Overcast/rainy,7,1,T12,Fish only,Hach,,,,8.67,95.2
4/11/2020,19:53,Sunset,Overcast/rainy,7,2,T12,Fish only,Hach,,,,8.75,96.2
5/11/2020,6:27,Sunrise,Overcast/rainy,7,1,T12,Fish only,Hach,,,,7.68,77.9
5/11/2020,6:27,Sunrise,Overcast/rainy,7,2,T12,Fish only,Hach,,,,7.28,73.8
5/11/2020,10:54,Morning,Overcast/rainy,7,1,T12,Fish only,Horiba,15.82,8.58,12,,
5/11/2020,10:54,Morning,Overcast/rainy,7,2,T12,Fish only,Horiba,15.57,8.53,19.2,,
5/11/2020,10:54,Morning,Overcast/rainy,7,3,T12,Fish only,Horiba,15.16,8.59,10,,
5/11/2020,10:54,Morning,Overcast/rainy,7,1,T12,Fish only,Hach,,,,9.02,90.8
5/11/2020,10:54,Morning,Overcast/rainy,7,2,T12,Fish only,Hach,,,,8.97,90.4
11/11/2020,19:17,Sunset,Overcast/rainy,8,1,T3,Fish_Exposure,Hach,,,,7.9,95.4
11/11/2020,19:17,Sunset,Overcast/rainy,8,2,T3,Fish_Exposure,Hach,,,,7.88,95.8
12/11/2020,6:09,Sunrise,Fine,8,1,T3,Fish_Exposure,Hach,,,,6.29,71.9
12/11/2020,6:09,Sunrise,Fine,8,2,T3,Fish_Exposure,Hach,,,,6.13,70.2
12/11/2020,10:05,Morning,Sunny,8,1,T3,Fish_Exposure,Horiba,21.63,6.92,9.9,,
12/11/2020,10:05,Morning,Sunny,8,2,T3,Fish_Exposure,Horiba,22.29,6.87,2.3,,
12/11/2020,10:05,Morning,Sunny,8,3,T3,Fish_Exposure,Horiba,22.2,6.77,2.3,,
12/11/2020,10:05,Morning,Sunny,8,1,T3,Fish_Exposure,Hach,,,,6.29,75
12/11/2020,10:05,Morning,Sunny,8,2,T3,Fish_Exposure,Hach,,,,6.38,74.7
11/11/2020,19:17,Sunset,Overcast/rainy,8,1,T6,Fish_Exposure,Hach,,,,7.45,89.8
11/11/2020,19:17,Sunset,Overcast/rainy,8,2,T6,Fish_Exposure,Hach,,,,7.13,86.3
12/11/2020,6:09,Sunrise,Fine,8,1,T6,Fish_Exposure,Hach,,,,5.95,68.1
12/11/2020,6:09,Sunrise,Fine,8,2,T6,Fish_Exposure,Hach,,,,5.87,67.3
12/11/2020,10:05,Morning,Sunny,8,1,T6,Fish_Exposure,Horiba,21.03,6.91,3.1,,
12/11/2020,10:05,Morning,Sunny,8,2,T6,Fish_Exposure,Horiba,20.98,6.82,19.5,,
12/11/2020,10:05,Morning,Sunny,8,3,T6,Fish_Exposure,Horiba,20.82,6.64,74.3,,
12/11/2020,10:05,Morning,Sunny,8,1,T6,Fish_Exposure,Hach,,,,5.92,68.5
12/11/2020,10:05,Morning,Sunny,8,2,T6,Fish_Exposure,Hach,,,,5.92,68.1
11/11/2020,19:17,Sunset,Overcast/rainy,8,1,T8,Fish_Exposure,Hach,,,,7.93,96
11/11/2020,19:17,Sunset,Overcast/rainy,8,2,T8,Fish_Exposure,Hach,,,,7.36,89.6
12/11/2020,6:09,Sunrise,Fine,8,1,T8,Fish_Exposure,Hach,,,,6.44,73.9
12/11/2020,6:09,Sunrise,Fine,8,2,T8,Fish_Exposure,Hach,,,,6.37,73
12/11/2020,10:05,Morning,Sunny,8,1,T8,Fish_Exposure,Horiba,22.43,6.87,2.6,,
12/11/2020,10:05,Morning,Sunny,8,2,T8,Fish_Exposure,Horiba,22.67,6.8,2.3,,
12/11/2020,10:05,Morning,Sunny,8,3,T8,Fish_Exposure,Horiba,22.54,6.78,2.9,,
12/11/2020,10:05,Morning,Sunny,8,1,T8,Fish_Exposure,Hach,,,,6.81,80.9
12/11/2020,10:05,Morning,Sunny,8,2,T8,Fish_Exposure,Hach,,,,6.8,80.5
11/11/2020,19:17,Sunset,Overcast/rainy,8,1,T10,Fish_Exposure,Hach,,,,6.99,84.8
11/11/2020,19:17,Sunset,Overcast/rainy,8,2,T10,Fish_Exposure,Hach,,,,7.01,85.2
12/11/2020,6:09,Sunrise,Fine,8,1,T10,Fish_Exposure,Hach,,,,5.81,66.6
12/11/2020,6:09,Sunrise,Fine,8,2,T10,Fish_Exposure,Hach,,,,5.87,67.2
12/11/2020,10:05,Morning,Sunny,8,1,T10,Fish_Exposure,Horiba,22.09,6.9,33.1,,
12/11/2020,10:05,Morning,Sunny,8,2,T10,Fish_Exposure,Horiba,21.87,6.77,44.4,,
12/11/2020,10:05,Morning,Sunny,8,3,T10,Fish_Exposure,Horiba,22.54,6.79,4,,
12/11/2020,10:05,Morning,Sunny,8,1,T10,Fish_Exposure,Hach,,,,6.21,73
12/11/2020,10:05,Morning,Sunny,8,2,T10,Fish_Exposure,Hach,,,,6.06,71.4
11/11/2020,19:17,Sunset,Overcast/rainy,8,1,T2,Fish_Exposure,Hach,,,,7.41,89.3
11/11/2020,19:17,Sunset,Overcast/rainy,8,2,T2,Fish_Exposure,Hach,,,,7.23,87.4
12/11/2020,6:09,Sunrise,Fine,8,1,T2,Fish_Exposure,Hach,,,,5.8,66.1
12/11/2020,6:09,Sunrise,Fine,8,2,T2,Fish_Exposure,Hach,,,,5.78,65.9
12/11/2020,10:18,Morning,Sunny,8,1,T2,Fish_Exposure,Horiba,22.18,6.34,77.4,,
12/11/2020,10:18,Morning,Sunny,8,2,T2,Fish_Exposure,Horiba,23.01,7,2,,
12/11/2020,10:18,Morning,Sunny,8,3,T2,Fish_Exposure,Horiba,22.98,6.95,1.7,,
12/11/2020,10:18,Morning,Sunny,8,1,T2,Fish_Exposure,Hach,,,,6.09,71.5
12/11/2020,10:18,Morning,Sunny,8,2,T2,Fish_Exposure,Hach,,,,6.18,72.5
11/11/2020,19:17,Sunset,Overcast/rainy,8,1,T5,Fish_Exposure,Hach,,,,7.68,92.6
11/11/2020,19:17,Sunset,Overcast/rainy,8,2,T5,Fish_Exposure,Hach,,,,7.58,91.6
12/11/2020,6:09,Sunrise,Fine,8,1,T5,Fish_Exposure,Hach,,,,6.21,70.9
12/11/2020,6:09,Sunrise,Fine,8,2,T5,Fish_Exposure,Hach,,,,6.1,69.7
12/11/2020,10:18,Morning,Sunny,8,1,T5,Fish_Exposure,Horiba,20.82,6.75,41.8,,
12/11/2020,10:18,Morning,Sunny,8,2,T5,Fish_Exposure,Horiba,21.72,6.93,18.7,,
12/11/2020,10:18,Morning,Sunny,8,3,T5,Fish_Exposure,Horiba,21.66,6.92,56.6,,
12/11/2020,10:18,Morning,Sunny,8,1,T5,Fish_Exposure,Hach,,,,6.31,72.4
12/11/2020,10:18,Morning,Sunny,8,2,T5,Fish_Exposure,Hach,,,,6.35,72.9
11/11/2020,19:17,Sunset,Overcast/rainy,8,1,T7,Fish_Exposure,Hach,,,,8.34,100.6
11/11/2020,19:17,Sunset,Overcast/rainy,8,2,T7,Fish_Exposure,Hach,,,,8.2,99.1
11/12/2020,6:09,Sunrise,Fine,8,1,T7,Fish_Exposure,Hach,,,,6.88,78.6
12/11/2020,6:09,Sunrise,Fine,8,2,T7,Fish_Exposure,Hach,,,,6.88,78.6
12/11/2020,10:18,Morning,Sunny,8,1,T7,Fish_Exposure,Horiba,23.45,7,1.3,,
12/11/2020,10:18,Morning,Sunny,8,2,T7,Fish_Exposure,Horiba,22.03,7,16.7,,
12/11/2020,10:18,Morning,Sunny,8,3,T7,Fish_Exposure,Horiba,22.04,6.96,27.5,,
12/11/2020,10:18,Morning,Sunny,8,1,T7,Fish_Exposure,Hach,,,,7.39,86.8
12/11/2020,10:18,Morning,Sunny,8,2,T7,Fish_Exposure,Hach,,,,7.7,90.5
12/11/2020,19:17,Sunset,Overcast/rainy,8,1,T11,Fish_Exposure,Hach,,,,7.56,91
11/11/2020,19:17,Sunset,Overcast/rainy,8,2,T11,Fish_Exposure,Hach,,,,7.36,88.6
12/11/2020,6:09,Sunrise,Fine,8,1,T11,Fish_Exposure,Hach,,,,6.15,70.1
12/11/2020,6:09,Sunrise,Fine,8,2,T11,Fish_Exposure,Hach,,,,6.16,70.3
12/11/2020,10:18,Morning,Sunny,8,1,T11,Fish_Exposure,Horiba,22.56,6.94,15.8,,
12/11/2020,10:18,Morning,Sunny,8,2,T11,Fish_Exposure,Horiba,21.97,7.01,44.4,,
12/11/2020,10:18,Morning,Sunny,8,3,T11,Fish_Exposure,Horiba,22.11,6.97,42.9,,
12/11/2020,10:18,Morning,Sunny,8,1,T11,Fish_Exposure,Hach,,,,6.15,71.2
12/11/2020,10:18,Morning,Sunny,8,2,T11,Fish_Exposure,Hach,,,,6.22,72
11/11/2020,19:36,Sunset,Overcast/rainy,8,1,T1,Fish_Exposure,Hach,,,,7.51,89.9
11/11/2020,19:36,Sunset,Overcast/rainy,8,2,T1,Fish_Exposure,Hach,,,,7.82,94.1
12/11/2020,6:09,Sunrise,Fine,8,1,T1,Fish_Exposure,Hach,,,,6.42,73.1
12/11/2020,6:09,Sunrise,Fine,8,2,T1,Fish_Exposure,Hach,,,,6.47,73.7
12/11/2020,10:35,Morning,Sunny,8,1,T1,Fish_Exposure,Horiba,22.32,6.62,49.8,,
12/11/2020,10:35,Morning,Sunny,8,2,T1,Fish_Exposure,Horiba,21.9,7.55,71.2,,
12/11/2020,10:35,Morning,Sunny,8,3,T1,Fish_Exposure,Horiba,21.78,7.53,57.7,,
12/11/2020,10:35,Morning,Sunny,8,1,T1,Fish_Exposure,Hach,,,,6.82,80.7
12/11/2020,10:35,Morning,Sunny,8,2,T1,Fish_Exposure,Hach,,,,6.67,79
11/11/2020,19:36,Sunset,Overcast/rainy,8,1,T4,Fish_Exposure,Hach,,,,7.8,93.9
11/11/2020,19:36,Sunset,Overcast/rainy,8,2,T4,Fish_Exposure,Hach,,,,7.79,93.9
11/12/2020,6:09,Sunrise,Fine,8,1,T4,Fish_Exposure,Hach,,,,6.26,71.5
12/11/2020,6:09,Sunrise,Fine,8,2,T4,Fish_Exposure,Hach,,,,6.05,69.2
12/11/2020,10:35,Morning,Sunny,8,1,T4,Fish_Exposure,Horiba,22.45,7.13,33.9,,
12/11/2020,10:35,Morning,Sunny,8,2,T4,Fish_Exposure,Horiba,22.7,7.58,29,,
12/11/2020,10:35,Morning,Sunny,8,3,T4,Fish_Exposure,Horiba,21.99,7.42,44,,
12/11/2020,10:35,Morning,Sunny,8,1,T4,Fish_Exposure,Hach,,,,6.46,74.8
12/11/2020,10:35,Morning,Sunny,8,2,T4,Fish_Exposure,Hach,,,,6.52,75.6
12/11/2020,19:36,Sunset,Overcast/rainy,8,1,T9,Fish_Exposure,Hach,,,,8.46,101.9
11/11/2020,19:36,Sunset,Overcast/rainy,8,2,T9,Fish_Exposure,Hach,,,,8.43,101.9
12/11/2020,6:09,Sunrise,Fine,8,1,T9,Fish_Exposure,Hach,,,,6.96,79.6
12/11/2020,6:09,Sunrise,Fine,8,2,T9,Fish_Exposure,Hach,,,,7.11,81.3
12/11/2020,10:35,Morning,Sunny,8,1,T9,Fish_Exposure,Horiba,23.68,7.7,3.5,,
12/11/2020,10:35,Morning,Sunny,8,2,T9,Fish_Exposure,Horiba,22.97,7.56,48.7,,
12/11/2020,10:35,Morning,Sunny,8,3,T9,Fish_Exposure,Horiba,22.36,7.51,29.4,,
12/11/2020,10:35,Morning,Sunny,8,1,T9,Fish_Exposure,Hach,,,,7.3,86.4
12/11/2020,10:35,Morning,Sunny,8,2,T9,Fish_Exposure,Hach,,,,7.35,87
11/11/2020,19:36,Sunset,Overcast/rainy,8,1,T12,Fish_Exposure,Hach,,,,7.66,92
11/11/2020,19:36,Sunset,Overcast/rainy,8,2,T12,Fish_Exposure,Hach,,,,7.52,90.3
12/11/2020,6:09,Sunrise,Fine,8,1,T12,Fish_Exposure,Hach,,,,6.42,73.1
12/11/2020,6:09,Sunrise,Fine,8,2,T12,Fish_Exposure,Hach,,,,6.43,73.2
12/11/2020,10:35,Morning,Sunny,8,1,T12,Fish_Exposure,Horiba,21.52,7.71,22.2,,
12/11/2020,10:35,Morning,Sunny,8,2,T12,Fish_Exposure,Horiba,21.1,7.22,74.2,,
12/11/2020,10:35,Morning,Sunny,8,3,T12,Fish_Exposure,Horiba,21.79,7.47,100,,
12/11/2020,10:35,Morning,Sunny,8,1,T12,Fish_Exposure,Hach,,,,6.44,73.8
12/11/2020,10:35,Morning,Sunny,8,2,T12,Fish_Exposure,Hach,,,,6.35,73
18/11/2020,19:06,Sunset,Sunny,9,1,T3,Fish_Exposure,Hach,,,,8.66,120.8
18/11/2020,19:06,Sunset,Sunny,9,2,T3,Fish_Exposure,Hach,,,,9.06,123.6
19/11/2020,6:11,Sunrise,Fine,9,1,T3,Fish_Exposure,Hach,,,,6.31,74.5
19/11/2020,6:11,Sunrise,Fine,9,2,T3,Fish_Exposure,Hach,,,,6.05,72.1
19/11/2020,10:28,Morning,Sunny,9,1,T3,Fish_Exposure,Horiba,23.29,5.19,90.8,,
19/11/2020,10:28,Morning,Sunny,9,2,T3,Fish_Exposure,Horiba,23.83,6.31,38.1,,
19/11/2020,10:28,Morning,Sunny,9,3,T3,Fish_Exposure,Horiba,23.77,6.78,42.7,,
19/11/2020,10:28,Morning,Sunny,9,1,T3,Fish_Exposure,Hach,,,,6.42,77.5
19/11/2020,10:28,Morning,Sunny,9,2,T3,Fish_Exposure,Hach,,,,6.38,77.9
18/11/2020,19:06,Sunset,Sunny,9,1,T6,Fish_Exposure,Hach,,,,8.06,110.1
18/11/2020,19:06,Sunset,Sunny,9,2,T6,Fish_Exposure,Hach,,,,8.48,113.6
19/11/2020,6:11,Sunrise,Fine,9,1,T6,Fish_Exposure,Hach,,,,6.03,71.3
19/11/2020,6:11,Sunrise,Fine,9,2,T6,Fish_Exposure,Hach,,,,6.01,70.9
19/11/2020,10:28,Morning,Sunny,9,1,T6,Fish_Exposure,Horiba,23.05,6.57,24.7,,
19/11/2020,10:28,Morning,Sunny,9,2,T6,Fish_Exposure,Horiba,23.3,6.97,13.8,,
19/11/2020,10:28,Morning,Sunny,9,3,T6,Fish_Exposure,Horiba,23.61,7.1,13.7,,
19/11/2020,10:28,Morning,Sunny,9,1,T6,Fish_Exposure,Hach,,,,5.78,67.9
19/11/2020,10:28,Morning,Sunny,9,2,T6,Fish_Exposure,Hach,,,,5.76,68.3
18/11/2020,19:06,Sunset,Sunny,9,1,T8,Fish_Exposure,Hach,,,,8.04,106.2
18/11/2020,19:06,Sunset,Sunny,9,2,T8,Fish_Exposure,Hach,,,,8.04,105.5
19/11/2020,6:11,Sunrise,Fine,9,1,T8,Fish_Exposure,Hach,,,,6.53,76.8
19/11/2020,6:11,Sunrise,Fine,9,2,T8,Fish_Exposure,Hach,,,,6.3,74.1
19/11/2020,10:28,Morning,Sunny,9,1,T8,Fish_Exposure,Horiba,23.9,6.32,14.2,,
19/11/2020,10:28,Morning,Sunny,9,2,T8,Fish_Exposure,Horiba,24.23,7.04,21.7,,
19/11/2020,10:28,Morning,Sunny,9,3,T8,Fish_Exposure,Horiba,23.77,7.11,13.7,,
19/11/2020,10:28,Morning,Sunny,9,1,T8,Fish_Exposure,Hach,,,,6.73,82.4
19/11/2020,10:28,Morning,Sunny,9,2,T8,Fish_Exposure,Hach,,,,6.4,78.9
18/11/2020,19:06,Sunset,Sunny,9,1,T10,Fish_Exposure,Hach,,,,7.77,104.7
18/11/2020,19:06,Sunset,Sunny,9,2,T10,Fish_Exposure,Hach,,,,7.91,106.5
19/11/2020,6:11,Sunrise,Fine,9,1,T10,Fish_Exposure,Hach,,,,6.07,72.4
19/11/2020,6:11,Sunrise,Fine,9,2,T10,Fish_Exposure,Hach,,,,6.11,72.7
19/11/2020,10:28,Morning,Sunny,9,1,T10,Fish_Exposure,Horiba,24.2,6.37,46.9,,
19/11/2020,10:28,Morning,Sunny,9,2,T10,Fish_Exposure,Horiba,24.5,6.96,43.9,,
19/11/2020,10:28,Morning,Sunny,9,3,T10,Fish_Exposure,Horiba,24.97,7.3,19.2,,
19/11/2020,10:28,Morning,Sunny,9,1,T10,Fish_Exposure,Hach,,,,6.29,76.9
19/11/2020,10:28,Morning,Sunny,9,2,T10,Fish_Exposure,Hach,,,,6.02,73.9
18/11/2020,19:12,Sunset,Sunny,9,1,T2,Fish_Exposure,Hach,,,,8.81,117.4
18/11/2020,19:12,Sunset,Sunny,9,2,T2,Fish_Exposure,Hach,,,,8.69,116
19/11/2020,6:22,Sunrise,Fine,9,1,T2,Fish_Exposure,Hach,,,,5.99,70.7
19/11/2020,6:22,Sunrise,Fine,9,2,T2,Fish_Exposure,Hach,,,,6.11,72.7
19/11/2020,10:36,Morning,Sunny,9,1,T2,Fish_Exposure,Horiba,24.5,6.03,66.8,,
19/11/2020,10:36,Morning,Sunny,9,2,T2,Fish_Exposure,Horiba,25.41,7.43,0.9,,
19/11/2020,10:36,Morning,Sunny,9,3,T2,Fish_Exposure,Horiba,25.13,7.46,2.2,,
19/11/2020,10:36,Morning,Sunny,9,1,T2,Fish_Exposure,Hach,,,,6.69,82.7
19/11/2020,10:36,Morning,Sunny,9,2,T2,Fish_Exposure,Hach,,,,7.01,86
18/11/2020,19:12,Sunset,Sunny,9,1,T5,Fish_Exposure,Hach,,,,8.71,117.9
18/11/2020,19:12,Sunset,Sunny,9,2,T5,Fish_Exposure,Hach,,,,8.69,117.6
19/11/2020,6:22,Sunrise,Fine,9,1,T5,Fish_Exposure,Hach,,,,5.78,69.1
19/11/2020,6:22,Sunrise,Fine,9,2,T5,Fish_Exposure,Hach,,,,5.73,68.4
19/11/2020,10:36,Morning,Sunny,9,1,T5,Fish_Exposure,Horiba,24.49,7.24,14.2,,
19/11/2020,10:36,Morning,Sunny,9,2,T5,Fish_Exposure,Horiba,23.91,7.04,56.4,,
19/11/2020,10:36,Morning,Sunny,9,3,T5,Fish_Exposure,Horiba,24.33,7.44,2.6,,
19/11/2020,10:36,Morning,Sunny,9,1,T5,Fish_Exposure,Hach,,,,5.63,67.8
19/11/2020,10:36,Morning,Sunny,9,2,T5,Fish_Exposure,Hach,,,,5.7,68.9
18/11/2020,19:12,Sunset,Sunny,9,1,T7,Fish_Exposure,Hach,,,,9.03,116.2
18/11/2020,19:12,Sunset,Sunny,9,2,T7,Fish_Exposure,Hach,,,,8.89,114.4
19/11/2020,6:22,Sunrise,Fine,9,1,T7,Fish_Exposure,Hach,,,,6.84,80
19/11/2020,6:22,Sunrise,Fine,9,2,T7,Fish_Exposure,Hach,,,,6.62,77.4
19/11/2020,10:36,Morning,Sunny,9,1,T7,Fish_Exposure,Horiba,24.33,7.36,56.8,,
19/11/2020,10:36,Morning,Sunny,9,2,T7,Fish_Exposure,Horiba,24.2,7.42,25.9,,
19/11/2020,10:36,Morning,Sunny,9,3,T7,Fish_Exposure,Horiba,24.58,7.35,14,,
19/11/2020,10:36,Morning,Sunny,9,1,T7,Fish_Exposure,Hach,,,,7.01,85.3
19/11/2020,10:36,Morning,Sunny,9,2,T7,Fish_Exposure,Hach,,,,6.7,81.7
18/11/2020,19:12,Sunset,Sunny,9,1,T11,Fish_Exposure,Hach,,,,8.35,111.8
18/11/2020,19:12,Sunset,Sunny,9,2,T11,Fish_Exposure,Hach,,,,8.17,109
19/11/2020,6:22,Sunrise,Fine,9,1,T11,Fish_Exposure,Hach,,,,5.92,70.1
19/11/2020,6:22,Sunrise,Fine,9,2,T11,Fish_Exposure,Hach,,,,5.82,68.9
19/11/2020,10:36,Morning,Sunny,9,1,T11,Fish_Exposure,Horiba,24.7,7.36,66.9,,
19/11/2020,10:36,Morning,Sunny,9,2,T11,Fish_Exposure,Horiba,24.79,7.4,27.5,,
19/11/2020,10:36,Morning,Sunny,9,3,T11,Fish_Exposure,Horiba,24.74,7.37,26.9,,
19/11/2020,10:36,Morning,Sunny,9,1,T11,Fish_Exposure,Hach,,,,6.18,74.9
19/11/2020,10:36,Morning,Sunny,9,2,T11,Fish_Exposure,Hach,,,,6.22,75.7
18/11/2020,19:19,Sunset,Sunny,9,1,T1,Fish_Exposure,Hach,,,,8.26,107.4
18/11/2020,19:19,Sunset,Sunny,9,2,T1,Fish_Exposure,Hach,,,,8.32,108.7
19/11/2020,6:29,Sunrise,Fine,9,1,T1,Fish_Exposure,Hach,,,,6.11,71.3
19/11/2020,6:29,Sunrise,Fine,9,2,T1,Fish_Exposure,Hach,,,,6.09,71.1
19/11/2020,10:36,Morning,Sunny,9,1,T1,Fish_Exposure,Horiba,25.25,6.75,37.4,,
19/11/2020,10:36,Morning,Sunny,9,2,T1,Fish_Exposure,Horiba,24.72,7.5,28,,
19/11/2020,10:36,Morning,Sunny,9,3,T1,Fish_Exposure,Horiba,24.62,7.4,23.8,,
19/11/2020,10:36,Morning,Sunny,9,1,T1,Fish_Exposure,Hach,,,,6.62,80.4
19/11/2020,10:36,Morning,Sunny,9,2,T1,Fish_Exposure,Hach,,,,6.73,81.8
18/11/2020,19:19,Sunset,Sunny,9,1,T4,Fish_Exposure,Hach,,,,9.27,125.1
18/11/2020,19:19,Sunset,Sunny,9,2,T4,Fish_Exposure,Hach,,,,9.31,125.4
19/11/2020,6:29,Sunrise,Fine,9,1,T4,Fish_Exposure,Hach,,,,6.07,72.3
19/11/2020,6:29,Sunrise,Fine,9,2,T4,Fish_Exposure,Hach,,,,6,71.4
19/11/2020,10:36,Morning,Sunny,9,1,T4,Fish_Exposure,Horiba,24.95,7.44,13.7,,
19/11/2020,10:36,Morning,Sunny,9,2,T4,Fish_Exposure,Horiba,25.1,7.43,14.4,,
19/11/2020,10:36,Morning,Sunny,9,3,T4,Fish_Exposure,Horiba,24.85,7.37,25.4,,
19/11/2020,10:36,Morning,Sunny,9,1,T4,Fish_Exposure,Hach,,,,6.65,81.2
19/11/2020,10:36,Morning,Sunny,9,2,T4,Fish_Exposure,Hach,,,,6.54,80.5
18/11/2020,19:19,Sunset,Sunny,9,1,T9,Fish_Exposure,Hach,,,,8.4,111.3
18/11/2020,19:19,Sunset,Sunny,9,2,T9,Fish_Exposure,Hach,,,,8.13,107.8
19/11/2020,6:29,Sunrise,Fine,9,1,T9,Fish_Exposure,Hach,,,,6.43,76.1
19/11/2020,6:29,Sunrise,Fine,9,2,T9,Fish_Exposure,Hach,,,,6.18,73.1
19/11/2020,10:36,Morning,Sunny,9,1,T9,Fish_Exposure,Horiba,24.8,7.06,57.6,,
19/11/2020,10:36,Morning,Sunny,9,2,T9,Fish_Exposure,Horiba,25.27,7.43,26.9,,
19/11/2020,10:36,Morning,Sunny,9,3,T9,Fish_Exposure,Horiba,25.17,7.38,26.2,,
19/11/2020,10:36,Morning,Sunny,9,1,T9,Fish_Exposure,Hach,,,,7.11,88.4
19/11/2020,10:36,Morning,Sunny,9,2,T9,Fish_Exposure,Hach,,,,7,87.6
18/11/2020,19:19,Sunset,Sunny,9,1,T12,Fish_Exposure,Hach,,,,8.11,108.4
18/11/2020,19:19,Sunset,Sunny,9,2,T12,Fish_Exposure,Hach,,,,8.39,111.5
19/11/2020,6:29,Sunrise,Fine,9,1,T12,Fish_Exposure,Hach,,,,6.18,72.9
19/11/2020,6:29,Sunrise,Fine,9,2,T12,Fish_Exposure,Hach,,,,6.29,74.2
19/11/2020,10:36,Morning,Sunny,9,1,T12,Fish_Exposure,Horiba,23.44,7.34,61.4,,
19/11/2020,10:36,Morning,Sunny,9,2,T12,Fish_Exposure,Horiba,24.42,7.45,29.3,,
19/11/2020,10:36,Morning,Sunny,9,3,T12,Fish_Exposure,Horiba,23.94,7.29,55.9,,
19/11/2020,10:36,Morning,Sunny,9,1,T12,Fish_Exposure,Hach,,,,6.32,75.9
19/11/2020,10:36,Morning,Sunny,9,2,T12,Fish_Exposure,Hach,,,,6.13,74
25/11/2020,19:15,Sunset,Fine,10,1,T3,Fish_Exposure,Hach,,,,9.24,126.8
25/11/2020,19:15,Sunset,Fine,10,2,T3,Fish_Exposure,Hach,,,,9.72,132.2
26/11/2020,6:10,Sunrise,Fine,10,1,T3,Fish_Exposure,Hach,,,,7.19,85.5
26/11/2020,6:10,Sunrise,Fine,10,2,T3,Fish_Exposure,Hach,,,,6.89,82.4
26/11/2020,10:20,Morning,Cloudy,10,1,T3,Fish_Exposure,Horiba,22.14,6.05,21.3,,
26/11/2020,10:20,Morning,Cloudy,10,2,T3,Fish_Exposure,Horiba,21.53,6.64,62.1,,
26/11/2020,10:20,Morning,Cloudy,10,3,T3,Fish_Exposure,Horiba,21.73,6.87,29.3,,
26/11/2020,10:20,Morning,Cloudy,10,1,T3,Fish_Exposure,Hach,,,,7.5,86.9
26/11/2020,10:20,Morning,Cloudy,10,2,T3,Fish_Exposure,Hach,,,,7.37,85.7
25/11/2020,19:15,Sunset,Fine,10,1,T6,Fish_Exposure,Hach,,,,7.9,105.8
25/11/2020,19:15,Sunset,Fine,10,2,T6,Fish_Exposure,Hach,,,,7.97,105.9
26/11/2020,6:10,Sunrise,Fine,10,1,T6,Fish_Exposure,Hach,,,,6.43,76.1
26/11/2020,6:10,Sunrise,Fine,10,2,T6,Fish_Exposure,Hach,,,,6.27,74.3
26/11/2020,10:20,Morning,Cloudy,10,1,T6,Fish_Exposure,Horiba,20.87,6.23,50,,
26/11/2020,10:20,Morning,Cloudy,10,2,T6,Fish_Exposure,Horiba,20.32,6.49,104,,
26/11/2020,10:20,Morning,Cloudy,10,3,T6,Fish_Exposure,Horiba,20.76,6.91,88.4,,
26/11/2020,10:20,Morning,Cloudy,10,1,T6,Fish_Exposure,Hach,,,,6.58,75.5
26/11/2020,10:20,Morning,Cloudy,10,2,T6,Fish_Exposure,Hach,,,,6.53,75.1
25/11/2020,19:15,Sunset,Fine,10,1,T8,Fish_Exposure,Hach,,,,8.35,110.7
25/11/2020,19:15,Sunset,Fine,10,2,T8,Fish_Exposure,Hach,,,,8.4,109.6
26/11/2020,6:10,Sunrise,Fine,10,1,T8,Fish_Exposure,Hach,,,,7.04,83.5
26/11/2020,6:10,Sunrise,Fine,10,2,T8,Fish_Exposure,Hach,,,,6.48,77
26/11/2020,10:20,Morning,Cloudy,10,1,T8,Fish_Exposure,Horiba,21.26,6.53,16.9,,
26/11/2020,10:20,Morning,Cloudy,10,2,T8,Fish_Exposure,Horiba,21.13,6.8,29.1,,
26/11/2020,10:20,Morning,Cloudy,10,3,T8,Fish_Exposure,Horiba,21.51,6.95,29.3,,
26/11/2020,10:20,Morning,Cloudy,10,1,T8,Fish_Exposure,Hach,,,,7.07,82.1
26/11/2020,10:20,Morning,Cloudy,10,2,T8,Fish_Exposure,Hach,,,,7.1,82.5
25/11/2020,19:15,Sunset,Fine,10,1,T10,Fish_Exposure,Hach,,,,7.26,98.2
25/11/2020,19:15,Sunset,Fine,10,2,T10,Fish_Exposure,Hach,,,,7.06,93.7
26/11/2020,6:10,Sunrise,Fine,10,1,T10,Fish_Exposure,Hach,,,,6.06,72.3
26/11/2020,6:10,Sunrise,Fine,10,2,T10,Fish_Exposure,Hach,,,,5.93,70.6
26/11/2020,10:20,Morning,Cloudy,10,1,T10,Fish_Exposure,Horiba,22.03,6.66,3.8,,
26/11/2020,10:20,Morning,Cloudy,10,2,T10,Fish_Exposure,Horiba,21.54,6.87,43.5,,
26/11/2020,10:20,Morning,Cloudy,10,3,T10,Fish_Exposure,Horiba,22.4,6.87,3.6,,
26/11/2020,10:20,Morning,Cloudy,10,1,T10,Fish_Exposure,Hach,,,,6.18,71.9
26/11/2020,10:20,Morning,Cloudy,10,2,T10,Fish_Exposure,Hach,,,,6.22,72.5
25/11/2020,19:27,Sunset,Fine,10,1,T2,Fish_Exposure,Hach,,,,9.59,127.3
25/11/2020,19:27,Sunset,Fine,10,2,T2,Fish_Exposure,Hach,,,,9.89,131.8
26/11/2020,6:10,Sunrise,Fine,10,1,T2,Fish_Exposure,Hach,,,,6.5,77.6
26/11/2020,6:10,Sunrise,Fine,10,2,T2,Fish_Exposure,Hach,,,,6.77,80.7
26/11/2020,10:20,Morning,Cloudy,10,1,T2,Fish_Exposure,Horiba,20.56,5.77,109,,
26/11/2020,10:20,Morning,Cloudy,10,2,T2,Fish_Exposure,Horiba,20.85,6.99,78.2,,
26/11/2020,10:20,Morning,Cloudy,10,3,T2,Fish_Exposure,Horiba,21.23,7.17,58.3,,
26/11/2020,10:20,Morning,Cloudy,10,1,T2,Fish_Exposure,Hach,,,,7.52,87.5
26/11/2020,10:20,Morning,Cloudy,10,2,T2,Fish_Exposure,Hach,,,,7.66,89.4
25/11/2020,19:27,Sunset,Fine,10,1,T5,Fish_Exposure,Hach,,,,9.01,119.3
25/11/2020,19:27,Sunset,Fine,10,2,T5,Fish_Exposure,Hach,,,,8.87,118
26/11/2020,6:10,Sunrise,Fine,10,1,T5,Fish_Exposure,Hach,,,,6.2,73.9
26/11/2020,6:10,Sunrise,Fine,10,2,T5,Fish_Exposure,Hach,,,,6.22,74.2
26/11/2020,10:20,Morning,Cloudy,10,1,T5,Fish_Exposure,Horiba,21.62,7.07,30.2,,
26/11/2020,10:20,Morning,Cloudy,10,2,T5,Fish_Exposure,Horiba,21.4,7.15,30.5,,
26/11/2020,10:20,Morning,Cloudy,10,3,T5,Fish_Exposure,Horiba,20.96,7.14,85.4,,
26/11/2020,10:20,Morning,Cloudy,10,1,T5,Fish_Exposure,Hach,,,,7.02,81.7
26/11/2020,10:20,Morning,Cloudy,10,2,T5,Fish_Exposure,Hach,,,,7.05,82.2
25/11/2020,19:27,Sunset,Fine,10,1,T7,Fish_Exposure,Hach,,,,9.43,122.4
25/11/2020,19:27,Sunset,Fine,10,2,T7,Fish_Exposure,Hach,,,,9.34,121.4
26/11/2020,6:10,Sunrise,Fine,10,1,T7,Fish_Exposure,Hach,,,,7.28,86
26/11/2020,6:10,Sunrise,Fine,10,2,T7,Fish_Exposure,Hach,,,,7.03,82.9
26/11/2020,10:20,Morning,Cloudy,10,1,T7,Fish_Exposure,Horiba,20.94,6.95,100,,
26/11/2020,10:20,Morning,Cloudy,10,2,T7,Fish_Exposure,Horiba,21.34,7.16,62.5,,
26/11/2020,10:20,Morning,Cloudy,10,3,T7,Fish_Exposure,Horiba,20.81,7.11,62.5,,
26/11/2020,10:20,Morning,Cloudy,10,1,T7,Fish_Exposure,Hach,,,,7.73,89.5
26/11/2020,10:20,Morning,Cloudy,10,2,T7,Fish_Exposure,Hach,,,,7.75,89.9
25/11/2020,19:27,Sunset,Fine,10,1,T11,Fish_Exposure,Hach,,,,8.12,106.3
25/11/2020,19:27,Sunset,Fine,10,2,T11,Fish_Exposure,Hach,,,,8.09,106
26/11/2020,6:10,Sunrise,Fine,10,1,T11,Fish_Exposure,Hach,,,,5.73,68.1
26/11/2020,6:10,Sunrise,Fine,10,2,T11,Fish_Exposure,Hach,,,,6.2,73.5
26/11/2020,10:20,Morning,Cloudy,10,1,T11,Fish_Exposure,Horiba,20.64,6.91,70.2,,
26/11/2020,10:20,Morning,Cloudy,10,2,T11,Fish_Exposure,Horiba,21.62,7.22,30.8,,
26/11/2020,10:20,Morning,Cloudy,10,3,T11,Fish_Exposure,Horiba,20.76,7.26,101,,
26/11/2020,10:20,Morning,Cloudy,10,1,T11,Fish_Exposure,Hach,,,,6.47,75.4
26/11/2020,10:20,Morning,Cloudy,10,2,T11,Fish_Exposure,Hach,,,,6.5,75.8
25/11/2020,19:27,Sunset,Fine,10,1,T1,Fish_Exposure,Hach,,,,8.2,107.5
25/11/2020,19:27,Sunset,Fine,10,2,T1,Fish_Exposure,Hach,,,,8.36,111.2
26/11/2020,6:10,Sunrise,Fine,10,1,T1,Fish_Exposure,Hach,,,,5.97,70.7
26/11/2020,6:10,Sunrise,Fine,10,2,T1,Fish_Exposure,Hach,,,,5.94,70.2
26/11/2020,10:20,Morning,Cloudy,10,1,T1,Fish_Exposure,Horiba,21.12,6.66,33.7,,
26/11/2020,10:20,Morning,Cloudy,10,2,T1,Fish_Exposure,Horiba,22.05,7.34,3.7,,
26/11/2020,10:20,Morning,Cloudy,10,3,T1,Fish_Exposure,Horiba,21.99,7.26,4.3,,
26/11/2020,10:20,Morning,Cloudy,10,1,T1,Fish_Exposure,Hach,,,,6.84,79.3
26/11/2020,10:20,Morning,Cloudy,10,2,T1,Fish_Exposure,Hach,,,,6.82,79.3
25/11/2020,19:27,Sunset,Fine,10,1,T4,Fish_Exposure,Hach,,,,10.19,136.9
25/11/2020,19:27,Sunset,Fine,10,2,T4,Fish_Exposure,Hach,,,,10.25,138.8
26/11/2020,6:10,Sunrise,Fine,10,1,T4,Fish_Exposure,Hach,,,,7.1,84.8
26/11/2020,6:10,Sunrise,Fine,10,2,T4,Fish_Exposure,Hach,,,,6.54,78
26/11/2020,10:20,Morning,Cloudy,10,1,T4,Fish_Exposure,Horiba,21.91,7.48,3.3,,
26/11/2020,10:20,Morning,Cloudy,10,2,T4,Fish_Exposure,Horiba,22.31,7.49,3.1,,
26/11/2020,10:20,Morning,Cloudy,10,3,T4,Fish_Exposure,Horiba,22.34,7.45,3.3,,
26/11/2020,10:20,Morning,Cloudy,10,1,T4,Fish_Exposure,Hach,,,,7.88,92.2
26/11/2020,10:20,Morning,Cloudy,10,2,T4,Fish_Exposure,Hach,,,,7.92,92.8
25/11/2020,19:27,Sunset,Fine,10,1,T9,Fish_Exposure,Hach,,,,8.49,111.8
25/11/2020,19:27,Sunset,Fine,10,2,T9,Fish_Exposure,Hach,,,,8.6,114.4
26/11/2020,6:10,Sunrise,Fine,10,1,T9,Fish_Exposure,Hach,,,,7.01,83.5
26/11/2020,6:10,Sunrise,Fine,10,2,T9,Fish_Exposure,Hach,,,,6.59,78.3
26/11/2020,10:20,Morning,Cloudy,10,1,T9,Fish_Exposure,Horiba,21.92,7.46,17.3,,
26/11/2020,10:20,Morning,Cloudy,10,2,T9,Fish_Exposure,Horiba,22.51,7.42,4.8,,
26/11/2020,10:20,Morning,Cloudy,10,3,T9,Fish_Exposure,Horiba,22.41,7.43,4.6,,
26/11/2020,10:20,Morning,Cloudy,10,1,T9,Fish_Exposure,Hach,,,,7.48,87.7
26/11/2020,10:20,Morning,Cloudy,10,2,T9,Fish_Exposure,Hach,,,,7.5,88
25/11/2020,19:27,Sunset,Fine,10,1,T12,Fish_Exposure,Hach,,,,7.29,97.1
25/11/2020,19:27,Sunset,Fine,10,2,T12,Fish_Exposure,Hach,,,,7.27,96.3
26/11/2020,6:10,Sunrise,Fine,10,1,T12,Fish_Exposure,Hach,,,,5.76,68.1
26/11/2020,6:10,Sunrise,Fine,10,2,T12,Fish_Exposure,Hach,,,,5.83,68.9
26/11/2020,10:20,Morning,Cloudy,10,1,T12,Fish_Exposure,Horiba,21.38,7.43,44.8,,
26/11/2020,10:20,Morning,Cloudy,10,2,T12,Fish_Exposure,Horiba,21.84,7.41,4.9,,
26/11/2020,10:20,Morning,Cloudy,10,3,T12,Fish_Exposure,Horiba,21.97,7.44,4.5,,
26/11/2020,10:20,Morning,Cloudy,10,1,T12,Fish_Exposure,Hach,,,,6.33,73.7
26/11/2020,10:20,Morning,Cloudy,10,2,T12,Fish_Exposure,Hach,,,,6.33,73.9
2/12/2020,19:30,Sunset,Fine,11,1,T3,Exposure only,Hach,,,,8.76,109.1
2/12/2020,19:30,Sunset,Fine,11,2,T3,Exposure only,Hach,,,,8.98,109
3/12/2020,6:02,Sunrise,Fine,11,1,T3,Exposure only,Hach,,,,6.9,74.8
3/12/2020,6:02,Sunrise,Fine,11,2,T3,Exposure only,Hach,,,,7.07,76.5
3/12/2020,11:04,Morning,Sunny,11,1,T3,Exposure only,Horiba,21.42,6.57,14.4,,
3/12/2020,11:04,Morning,Sunny,11,2,T3,Exposure only,Horiba,21.81,7.13,21.6,,
3/12/2020,11:04,Morning,Sunny,11,3,T3,Exposure only,Horiba,21.82,7.63,1.7,,
3/12/2020,11:04,Morning,Sunny,11,1,T3,Exposure only,Hach,,,,6.95,83.5
3/12/2020,11:04,Morning,Sunny,11,2,T3,Exposure only,Hach,,,,7.38,86.6
2/12/2020,19:30,Sunset,Fine,11,1,T6,Exposure only,Hach,,,,8.1,98.1
2/12/2020,19:30,Sunset,Fine,11,2,T6,Exposure only,Hach,,,,8.21,98.4
3/12/2020,6:02,Sunrise,Fine,11,1,T6,Exposure only,Hach,,,,7.02,75.8
3/12/2020,6:02,Sunrise,Fine,11,2,T6,Exposure only,Hach,,,,6.86,73.9
3/12/2020,11:04,Morning,Sunny,11,1,T6,Exposure only,Horiba,20.26,6.48,19.9,,
3/12/2020,11:04,Morning,Sunny,11,2,T6,Exposure only,Horiba,19.22,7.42,8.7,,
3/12/2020,11:04,Morning,Sunny,11,3,T6,Exposure only,Horiba,20.04,6.92,43.9,,
3/12/2020,11:04,Morning,Sunny,11,1,T6,Exposure only,Hach,,,,6.66,73.1
3/12/2020,11:04,Morning,Sunny,11,2,T6,Exposure only,Hach,,,,6.72,72.8
2/12/2020,19:30,Sunset,Fine,11,1,T8,Exposure only,Hach,,,,8.6,103.3
2/12/2020,19:30,Sunset,Fine,11,2,T8,Exposure only,Hach,,,,8.78,104.4
3/12/2020,6:02,Sunrise,Fine,11,1,T8,Exposure only,Hach,,,,7.26,77.9
3/12/2020,6:02,Sunrise,Fine,11,2,T8,Exposure only,Hach,,,,7.32,80.7
3/12/2020,11:04,Morning,Sunny,11,1,T8,Exposure only,Horiba,22.04,7.1,5.4,,
3/12/2020,11:04,Morning,Sunny,11,2,T8,Exposure only,Horiba,21.52,7.56,1.7,,
3/12/2020,11:04,Morning,Sunny,11,3,T8,Exposure only,Horiba,21.75,7.59,1.8,,
3/12/2020,11:04,Morning,Sunny,11,1,T8,Exposure only,Hach,,,,7.69,86.3
3/12/2020,11:04,Morning,Sunny,11,2,T8,Exposure only,Hach,,,,7.78,87.8
2/12/2020,19:30,Sunset,Fine,11,1,T10,Exposure only,Hach,,,,7.82,96.7
2/12/2020,19:30,Sunset,Fine,11,2,T10,Exposure only,Hach,,,,7.84,96
3/12/2020,6:02,Sunrise,Fine,11,1,T10,Exposure only,Hach,,,,6.67,72.6
3/12/2020,6:02,Sunrise,Fine,11,2,T10,Exposure only,Hach,,,,7.1,77.2
3/12/2020,11:04,Morning,Sunny,11,1,T10,Exposure only,Horiba,22.36,7.43,1.8,,
3/12/2020,11:04,Morning,Sunny,11,2,T10,Exposure only,Horiba,21.28,7.28,10.5,,
3/12/2020,11:04,Morning,Sunny,11,3,T10,Exposure only,Horiba,21.86,7.54,1.5,,
3/12/2020,11:04,Morning,Sunny,11,1,T10,Exposure only,Hach,,,,7.25,82.5
3/12/2020,11:04,Morning,Sunny,11,2,T10,Exposure only,Hach,,,,7.01,80
2/12/2020,19:30,Sunset,Fine,11,1,T2,Exposure only,Hach,,,,10.17,121.5
2/12/2020,19:30,Sunset,Fine,11,2,T2,Exposure only,Hach,,,,9.97,120.8
3/12/2020,6:12,Sunrise,Fine,11,1,T2,Exposure only,Hach,,,,7.75,83.4
3/12/2020,6:12,Sunrise,Fine,11,2,T2,Exposure only,Hach,,,,7.59,81.6
3/12/2020,11:16,Morning,Sunny,11,1,T2,Exposure only,Horiba,22.52,7.74,1.1,,
3/12/2020,11:16,Morning,Sunny,11,2,T2,Exposure only,Horiba,22.31,7.81,1.2,,
3/12/2020,11:16,Morning,Sunny,11,3,T2,Exposure only,Horiba,22.28,7.84,1,,
3/12/2020,11:16,Morning,Sunny,11,1,T2,Exposure only,Hach,,,,8.89,100.2
3/12/2020,11:16,Morning,Sunny,11,2,T2,Exposure only,Hach,,,,8.35,95.1
2/12/2020,19:30,Sunset,Fine,11,1,T5,Exposure only,Hach,,,,9.13,109.7
2/12/2020,19:30,Sunset,Fine,11,2,T5,Exposure only,Hach,,,,9.26,112.2
3/12/2020,6:12,Sunrise,Fine,11,1,T5,Exposure only,Hach,,,,7.13,77.2
3/12/2020,6:12,Sunrise,Fine,11,2,T5,Exposure only,Hach,,,,6.98,75.4
3/12/2020,11:16,Morning,Sunny,11,1,T5,Exposure only,Horiba,19.69,7.71,1.9,,
3/12/2020,11:16,Morning,Sunny,11,2,T5,Exposure only,Horiba,20.17,7.79,3.7,,
3/12/2020,11:16,Morning,Sunny,11,3,T5,Exposure only,Horiba,20.24,7.86,2.2,,
3/12/2020,11:16,Morning,Sunny,11,1,T5,Exposure only,Hach,,,,7.28,80.5
3/12/2020,11:16,Morning,Sunny,11,2,T5,Exposure only,Hach,,,,7.33,81.2
2/12/2020,19:30,Sunset,Fine,11,1,T7,Exposure only,Hach,,,,9.24,106.7
2/12/2020,19:30,Sunset,Fine,11,2,T7,Exposure only,Hach,,,,9.21,106.5
3/12/2020,6:12,Sunrise,Fine,11,1,T7,Exposure only,Hach,,,,7.96,83.3
3/12/2020,6:12,Sunrise,Fine,11,2,T7,Exposure only,Hach,,,,7.84,82.6
3/12/2020,11:16,Morning,Sunny,11,1,T7,Exposure only,Horiba,21.18,8,1,,
3/12/2020,11:16,Morning,Sunny,11,2,T7,Exposure only,Horiba,20.55,7.61,10.6,,
3/12/2020,11:16,Morning,Sunny,11,3,T7,Exposure only,Horiba,21.07,7.88,1.1,,
3/12/2020,11:16,Morning,Sunny,11,1,T7,Exposure only,Hach,,,,7.9,87.4
3/12/2020,11:16,Morning,Sunny,11,2,T7,Exposure only,Hach,,,,8.05,88.2
2/12/2020,19:30,Sunset,Fine,11,1,T11,Exposure only,Hach,,,,7.59,92.9
2/12/2020,19:30,Sunset,Fine,11,2,T11,Exposure only,Hach,,,,7.42,90.9
3/12/2020,6:12,Sunrise,Fine,11,1,T11,Exposure only,Hach,,,,5.89,63.8
3/12/2020,6:12,Sunrise,Fine,11,2,T11,Exposure only,Hach,,,,5.83,63
3/12/2020,11:16,Morning,Sunny,11,1,T11,Exposure only,Horiba,20.87,7.76,2.7,,
3/12/2020,11:16,Morning,Sunny,11,2,T11,Exposure only,Horiba,21.02,7.77,2.6,,
3/12/2020,11:16,Morning,Sunny,11,3,T11,Exposure only,Horiba,21.16,7.74,3.1,,
3/12/2020,11:16,Morning,Sunny,11,1,T11,Exposure only,Hach,,,,6,67.8
3/12/2020,11:16,Morning,Sunny,11,2,T11,Exposure only,Hach,,,,6.27,70.9
2/12/2020,19:30,Sunset,Fine,11,1,T1,Exposure only,Hach,,,,7.56,89.3
2/12/2020,19:30,Sunset,Fine,11,2,T1,Exposure only,Hach,,,,7.49,88.7
3/12/2020,6:20,Sunrise,Fine,11,1,T1,Exposure only,Hach,,,,6.44,68.1
3/12/2020,6:20,Sunrise,Fine,11,2,T1,Exposure only,Hach,,,,6.41,67.7
3/12/2020,11:35,Morning,Sunny,11,1,T1,Exposure only,Horiba,20.87,7.72,1.5,,
3/12/2020,11:35,Morning,Sunny,11,2,T1,Exposure only,Horiba,21.04,7.6,3.5,,
3/12/2020,11:35,Morning,Sunny,11,3,T1,Exposure only,Horiba,21.15,7.55,3.4,,
3/12/2020,11:35,Morning,Sunny,11,1,T1,Exposure only,Hach,,,,6.74,74.9
3/12/2020,11:35,Morning,Sunny,11,2,T1,Exposure only,Hach,,,,6.59,73.5
2/12/2020,19:30,Sunset,Fine,11,1,T4,Exposure only,Hach,,,,10.33,124.9
2/12/2020,19:30,Sunset,Fine,11,2,T4,Exposure only,Hach,,,,10.75,103.8
3/12/2020,6:20,Sunrise,Fine,11,1,T4,Exposure only,Hach,,,,7.84,84.8
3/12/2020,6:20,Sunrise,Fine,11,2,T4,Exposure only,Hach,,,,7.82,84.5
3/12/2020,11:35,Morning,Sunny,11,1,T4,Exposure only,Horiba,21.39,8.01,1.2,,
3/12/2020,11:35,Morning,Sunny,11,2,T4,Exposure only,Horiba,21.66,7.92,1,,
3/12/2020,11:35,Morning,Sunny,11,3,T4,Exposure only,Horiba,21.37,8.21,0.5,,
3/12/2020,11:35,Morning,Sunny,11,1,T4,Exposure only,Hach,,,,8.4,95.5
3/12/2020,11:35,Morning,Sunny,11,2,T4,Exposure only,Hach,,,,8.17,92.8
2/12/2020,19:30,Sunset,Fine,11,1,T9,Exposure only,Hach,,,,8.82,105.9
2/12/2020,19:30,Sunset,Fine,11,2,T9,Exposure only,Hach,,,,8.86,106.7
3/12/2020,6:20,Sunrise,Fine,11,1,T9,Exposure only,Hach,,,,7.5,80.9
3/12/2020,6:20,Sunrise,Fine,11,2,T9,Exposure only,Hach,,,,7.56,81.4
3/12/2020,11:35,Morning,Sunny,11,1,T9,Exposure only,Horiba,22.5,7.96,1.8,,
3/12/2020,11:35,Morning,Sunny,11,2,T9,Exposure only,Horiba,22.37,7.95,2.7,,
3/12/2020,11:35,Morning,Sunny,11,3,T9,Exposure only,Horiba,22.74,8.02,4.4,,
3/12/2020,11:35,Morning,Sunny,11,1,T9,Exposure only,Hach,,,,7.9,89.9
3/12/2020,11:35,Morning,Sunny,11,2,T9,Exposure only,Hach,,,,7.79,88.7
2/12/2020,19:30,Sunset,Fine,11,1,T12,Exposure only,Hach,,,,7.59,92.2
2/12/2020,19:30,Sunset,Fine,11,2,T12,Exposure only,Hach,,,,7.66,93.4
3/12/2020,6:20,Sunrise,Fine,11,1,T12,Exposure only,Hach,,,,6.72,72.7
3/12/2020,6:20,Sunrise,Fine,11,2,T12,Exposure only,Hach,,,,6.86,74.1
3/12/2020,11:35,Morning,Sunny,11,1,T12,Exposure only,Horiba,20.26,7.81,2,,
3/12/2020,11:35,Morning,Sunny,11,2,T12,Exposure only,Horiba,20.11,7.73,7.1,,
3/12/2020,11:35,Morning,Sunny,11,3,T12,Exposure only,Horiba,20.22,7.84,1.2,,
3/12/2020,11:35,Morning,Sunny,11,1,T12,Exposure only,Hach,,,,6.7,74.5
3/12/2020,11:35,Morning,Sunny,11,2,T12,Exposure only,Hach,,,,6.94,77.1
9/12/2020,19:21,Sunset,Fine,12,1,T3,Exposure only,Hach,,,,10.35,128.1
9/12/2020,19:21,Sunset,Fine,12,2,T3,Exposure only,Hach,,,,10.12,128.1
10/12/2020,5:59,Sunrise,Overcast,12,1,T3,Exposure only,Hach,,,,7.26,81
10/12/2020,5:59,Sunrise,Overcast,12,2,T3,Exposure only,Hach,,,,7.57,84.4
10/12/2020,10:18,Morning,Cloudy,12,1,T3,Exposure only,Horiba,20.1,7.3,1.7,,
10/12/2020,10:18,Morning,Cloudy,12,2,T3,Exposure only,Horiba,19.74,7.53,4,,
10/12/2020,10:18,Morning,Cloudy,12,3,T3,Exposure only,Horiba,19.68,7.58,1.8,,
10/12/2020,10:18,Morning,Cloudy,12,1,T3,Exposure only,Hach,,,,7.57,84.3
10/12/2020,10:18,Morning,Cloudy,12,2,T3,Exposure only,Hach,,,,7.44,82.3
9/12/2020,19:21,Sunset,Fine,12,1,T6,Exposure only,Hach,,,,9.71,117.8
9/12/2020,19:21,Sunset,Fine,12,2,T6,Exposure only,Hach,,,,9.13,112.8
10/12/2020,5:59,Sunrise,Overcast,12,1,T6,Exposure only,Hach,,,,7.88,86.9
10/12/2020,5:59,Sunrise,Overcast,12,2,T6,Exposure only,Hach,,,,7.79,85.9
10/12/2020,10:18,Morning,Cloudy,12,1,T6,Exposure only,Horiba,19.03,7.7,2.3,,
10/12/2020,10:18,Morning,Cloudy,12,2,T6,Exposure only,Horiba,18.99,7.68,3,,
10/12/2020,10:18,Morning,Cloudy,12,3,T6,Exposure only,Horiba,18.85,7.54,6.8,,
10/12/2020,10:18,Morning,Cloudy,12,1,T6,Exposure only,Hach,,,,7.52,81.1
10/12/2020,10:18,Morning,Cloudy,12,2,T6,Exposure only,Hach,,,,7.55,81.2
9/12/2020,19:21,Sunset,Fine,12,1,T8,Exposure only,Hach,,,,9.52,116.3
9/12/2020,19:21,Sunset,Fine,12,2,T8,Exposure only,Hach,,,,9.59,118
10/12/2020,5:59,Sunrise,Overcast,12,1,T8,Exposure only,Hach,,,,8.28,91.5
10/12/2020,5:59,Sunrise,Overcast,12,2,T8,Exposure only,Hach,,,,81.5,89.9
10/12/2020,10:18,Morning,Cloudy,12,1,T8,Exposure only,Horiba,19.84,7.73,2,,
10/12/2020,10:18,Morning,Cloudy,12,2,T8,Exposure only,Horiba,19.59,7.63,4,,
10/12/2020,10:18,Morning,Cloudy,12,3,T8,Exposure only,Horiba,19.85,7.59,2,,
10/12/2020,10:18,Morning,Cloudy,12,1,T8,Exposure only,Hach,,,,7.98,88.5
10/12/2020,10:18,Morning,Cloudy,12,2,T8,Exposure only,Hach,,,,8.13,89.9
9/12/2020,19:21,Sunset,Fine,12,1,T10,Exposure only,Hach,,,,9.14,114.3
9/12/2020,19:21,Sunset,Fine,12,2,T10,Exposure only,Hach,,,,8.91,111
10/12/2020,5:59,Sunrise,Overcast,12,1,T10,Exposure only,Hach,,,,8,89.1
10/12/2020,5:59,Sunrise,Overcast,12,2,T10,Exposure only,Hach,,,,7.87,87.5
10/12/2020,10:18,Morning,Cloudy,12,1,T10,Exposure only,Horiba,19.87,7.69,2.4,,
10/12/2020,10:18,Morning,Cloudy,12,2,T10,Exposure only,Horiba,19.61,7.48,3.2,,
10/12/2020,10:18,Morning,Cloudy,12,3,T10,Exposure only,Horiba,19.74,7.53,1.8,,
10/12/2020,10:18,Morning,Cloudy,12,1,T10,Exposure only,Hach,,,,7.61,84.3
10/12/2020,10:18,Morning,Cloudy,12,2,T10,Exposure only,Hach,,,,7.66,84.7
9/12/2020,19:21,Sunset,Fine,12,1,T2,Exposure only,Hach,,,,10.85,135.1
9/12/2020,19:21,Sunset,Fine,12,2,T2,Exposure only,Hach,,,,10.45,131.4
10/12/2020,6:05,Sunrise,Overcast,12,1,T2,Exposure only,Hach,,,,8.05,89.1
10/12/2020,6:05,Sunrise,Overcast,12,2,T2,Exposure only,Hach,,,,7.91,87.5
10/12/2020,10:18,Morning,Cloudy,12,1,T2,Exposure only,Horiba,20.09,7.86,1.2,,
10/12/2020,10:18,Morning,Cloudy,12,2,T2,Exposure only,Horiba,20.11,7.86,1.3,,
10/12/2020,10:18,Morning,Cloudy,12,3,T2,Exposure only,Horiba,20.03,7.93,3.1,,
10/12/2020,10:18,Morning,Cloudy,12,1,T2,Exposure only,Hach,,,,8.18,90.1
10/12/2020,10:18,Morning,Cloudy,12,2,T2,Exposure only,Hach,,,,8.13,89.6
9/12/2020,19:21,Sunset,Fine,12,1,T5,Exposure only,Hach,,,,10.18,127.8
9/12/2020,19:21,Sunset,Fine,12,2,T5,Exposure only,Hach,,,,10.12,127.2
10/12/2020,6:05,Sunrise,Overcast,12,1,T5,Exposure only,Hach,,,,7.71,85.4
10/12/2020,6:05,Sunrise,Overcast,12,2,T5,Exposure only,Hach,,,,7.54,83.5
10/12/2020,10:18,Morning,Cloudy,12,1,T5,Exposure only,Horiba,19.44,7.83,4.2,,
10/12/2020,10:18,Morning,Cloudy,12,2,T5,Exposure only,Horiba,19.4,7.73,5.6,,
10/12/2020,10:18,Morning,Cloudy,12,3,T5,Exposure only,Horiba,19.4,7.7,2.4,,
10/12/2020,10:18,Morning,Cloudy,12,1,T5,Exposure only,Hach,,,,7.62,82.9
10/12/2020,10:18,Morning,Cloudy,12,2,T5,Exposure only,Hach,,,,7.6,82.5
9/12/2020,19:21,Sunset,Fine,12,1,T7,Exposure only,Hach,,,,10.24,123
9/12/2020,19:21,Sunset,Fine,12,2,T7,Exposure only,Hach,,,,10.06,120.9
10/12/2020,6:05,Sunrise,Overcast,12,1,T7,Exposure only,Hach,,,,8.78,95.7
10/12/2020,6:05,Sunrise,Overcast,12,2,T7,Exposure only,Hach,,,,8.62,93.9
10/12/2020,10:18,Morning,Cloudy,12,1,T7,Exposure only,Horiba,19.45,7.91,6.7,,
10/12/2020,10:18,Morning,Cloudy,12,2,T7,Exposure only,Horiba,19.69,8.21,4.8,,
10/12/2020,10:18,Morning,Cloudy,12,3,T7,Exposure only,Horiba,19.78,8.23,8.9,,
10/12/2020,10:18,Morning,Cloudy,12,1,T7,Exposure only,Hach,,,,8.61,94.4
10/12/2020,10:18,Morning,Cloudy,12,2,T7,Exposure only,Hach,,,,8.85,96.9
9/12/2020,19:21,Sunset,Fine,12,1,T11,Exposure only,Hach,,,,8.97,111.6
9/12/2020,19:21,Sunset,Fine,12,2,T11,Exposure only,Hach,,,,9.07,113.3
10/12/2020,6:05,Sunrise,Overcast,12,1,T11,Exposure only,Hach,,,,7.04,77.9
10/12/2020,6:05,Sunrise,Overcast,12,2,T11,Exposure only,Hach,,,,6.98,77.3
10/12/2020,10:18,Morning,Cloudy,12,1,T11,Exposure only,Horiba,19.74,7.95,2.5,,
10/12/2020,10:18,Morning,Cloudy,12,2,T11,Exposure only,Horiba,19.69,7.77,3.4,,
10/12/2020,10:18,Morning,Cloudy,12,3,T11,Exposure only,Horiba,19.71,7.6,2.4,,
10/12/2020,10:18,Morning,Cloudy,12,1,T11,Exposure only,Hach,,,,6.93,76.5
10/12/2020,10:18,Morning,Cloudy,12,2,T11,Exposure only,Hach,,,,7.09,78.3
9/12/2020,19:21,Sunset,Fine,12,1,T1,Exposure only,Hach,,,,7.63,94.3
9/12/2020,19:21,Sunset,Fine,12,2,T1,Exposure only,Hach,,,,7.59,94.3
10/12/2020,6:15,Sunrise,Overcast,12,1,T1,Exposure only,Hach,,,,6.03,66.2
10/12/2020,6:15,Sunrise,Overcast,12,2,T1,Exposure only,Hach,,,,6.05,66.4
10/12/2020,10:39,Morning,Cloudy,12,1,T1,Exposure only,Horiba,20.18,7.64,1.8,,
10/12/2020,10:39,Morning,Cloudy,12,2,T1,Exposure only,Horiba,20.23,7.52,2.3,,
10/12/2020,10:39,Morning,Cloudy,12,3,T1,Exposure only,Horiba,20.32,7.4,2.9,,
10/12/2020,10:39,Morning,Cloudy,12,1,T1,Exposure only,Hach,,,,6.17,68.3
10/12/2020,10:39,Morning,Cloudy,12,2,T1,Exposure only,Hach,,,,6.04,67
9/12/2020,19:21,Sunset,Fine,12,1,T4,Exposure only,Hach,,,,10.05,126.5
9/12/2020,19:21,Sunset,Fine,12,2,T4,Exposure only,Hach,,,,9.74,122.7
10/12/2020,6:15,Sunrise,Overcast,12,1,T4,Exposure only,Hach,,,,7.33,81.2
10/12/2020,6:15,Sunrise,Overcast,12,2,T4,Exposure only,Hach,,,,7.1,78.8
10/12/2020,10:39,Morning,Cloudy,12,1,T4,Exposure only,Horiba,19.89,7.8,0.4,,
10/12/2020,10:39,Morning,Cloudy,12,2,T4,Exposure only,Horiba,20.04,7.99,3.4,,
10/12/2020,10:39,Morning,Cloudy,12,3,T4,Exposure only,Horiba,20.07,8.08,0.9,,
10/12/2020,10:39,Morning,Cloudy,12,1,T4,Exposure only,Hach,,,,7.18,80
10/12/2020,10:39,Morning,Cloudy,12,2,T4,Exposure only,Hach,,,,7.21,80.1
9/12/2020,19:21,Sunset,Fine,12,1,T9,Exposure only,Hach,,,,9.89,123
9/12/2020,19:21,Sunset,Fine,12,2,T9,Exposure only,Hach,,,,9.79,121.7
10/12/2020,6:15,Sunrise,Overcast,12,1,T9,Exposure only,Hach,,,,8.1,89.4
10/12/2020,6:15,Sunrise,Overcast,12,2,T9,Exposure only,Hach,,,,8.21,90.6
10/12/2020,10:39,Morning,Cloudy,12,1,T9,Exposure only,Horiba,20.36,7.87,2,,
10/12/2020,10:39,Morning,Cloudy,12,2,T9,Exposure only,Horiba,20.36,7.68,2.1,,
10/12/2020,10:39,Morning,Cloudy,12,3,T9,Exposure only,Horiba,20.61,7.74,3.4,,
10/12/2020,10:39,Morning,Cloudy,12,1,T9,Exposure only,Hach,,,,8.32,92.9
10/12/2020,10:39,Morning,Cloudy,12,2,T9,Exposure only,Hach,,,,8.2,91.9
9/12/2020,19:21,Sunset,Fine,12,1,T12,Exposure only,Hach,,,,8.79,111.1
9/12/2020,19:21,Sunset,Fine,12,2,T12,Exposure only,Hach,,,,8.71,110.3
10/12/2020,6:15,Sunrise,Overcast,12,1,T12,Exposure only,Hach,,,,7.27,81
10/12/2020,6:15,Sunrise,Overcast,12,2,T12,Exposure only,Hach,,,,6.82,76
10/12/2020,10:39,Morning,Cloudy,12,1,T12,Exposure only,Horiba,19.44,7.7,3,,
10/12/2020,10:39,Morning,Cloudy,12,2,T12,Exposure only,Horiba,19.47,7.5,1.3,,
10/12/2020,10:39,Morning,Cloudy,12,3,T12,Exposure only,Horiba,19.4,7.47,2.4,,
10/12/2020,10:39,Morning,Cloudy,12,1,T12,Exposure only,Hach,,,,7.18,78.6
10/12/2020,10:39,Morning,Cloudy,12,2,T12,Exposure only,Hach,,,,7.18,78.5
16/12/2020,19:31,Sunset,Fine,13,1,T3,Exposure only,Hach,,,,8.22,104.4
16/12/2020,19:31,Sunset,Fine,13,2,T3,Exposure only,Hach,,,,8.34,106
17/12/2020,6:11,Sunrise,Overcast,13,1,T3,Exposure only,Hach,,,,6.17,71.9
17/12/2020,6:11,Sunrise,Overcast,13,2,T3,Exposure only,Hach,,,,6.17,72.2
17/12/2020,10:45,Morning,Cloudy,13,1,T3,Exposure only,Horiba,22.31,5.24,11,,
17/12/2020,10:45,Morning,Cloudy,13,2,T3,Exposure only,Horiba,21.94,7.4,11.8,,
17/12/2020,10:45,Morning,Cloudy,13,3,T3,Exposure only,Horiba,21.75,7.18,11.9,,
17/12/2020,10:45,Morning,Cloudy,13,1,T3,Exposure only,Hach,,,,5.92,68.5
17/12/2020,10:45,Morning,Cloudy,13,2,T3,Exposure only,Hach,,,,5.86,67.9
16/12/2020,19:31,Sunset,Fine,13,1,T6,Exposure only,Hach,,,,7.6,95.8
16/12/2020,19:31,Sunset,Fine,13,2,T6,Exposure only,Hach,,,,7.56,95.5
17/12/2020,6:11,Sunrise,Overcast,13,1,T6,Exposure only,Hach,,,,6.22,72.6
17/12/2020,6:11,Sunrise,Overcast,13,2,T6,Exposure only,Hach,,,,6.1,71.3
17/12/2020,10:45,Morning,Cloudy,13,1,T6,Exposure only,Horiba,22.71,7.6,44.2,,
17/12/2020,10:45,Morning,Cloudy,13,2,T6,Exposure only,Horiba,22.33,7.65,2.1,,
17/12/2020,10:45,Morning,Cloudy,13,3,T6,Exposure only,Horiba,22.2,7.46,2,,
17/12/2020,10:45,Morning,Cloudy,13,1,T6,Exposure only,Hach,,,,5.81,70.2
17/12/2020,10:45,Morning,Cloudy,13,2,T6,Exposure only,Hach,,,,5.81,68.8
16/12/2020,19:31,Sunset,Fine,13,1,T8,Exposure only,Hach,,,,7.48,95.4
16/12/2020,19:31,Sunset,Fine,13,2,T8,Exposure only,Hach,,,,7.64,97.6
17/12/2020,6:11,Sunrise,Overcast,13,1,T8,Exposure only,Hach,,,,6.28,73.9
17/12/2020,6:11,Sunrise,Overcast,13,2,T8,Exposure only,Hach,,,,6.23,73.4
17/12/2020,10:45,Morning,Cloudy,13,1,T8,Exposure only,Horiba,23.74,6.63,,,
17/12/2020,10:45,Morning,Cloudy,13,2,T8,Exposure only,Horiba,25.06,7.17,,,
17/12/2020,10:45,Morning,Cloudy,13,3,T8,Exposure only,Horiba,25.05,6.95,,,
17/12/2020,10:45,Morning,Cloudy,13,1,T8,Exposure only,Hach,,,,6.35,77.9
17/12/2020,10:45,Morning,Cloudy,13,2,T8,Exposure only,Hach,,,,6.36,77.6
16/12/2020,19:31,Sunset,Fine,13,1,T10,Exposure only,Hach,,,,6.57,84.7
16/12/2020,19:31,Sunset,Fine,13,2,T10,Exposure only,Hach,,,,6.92,89
17/12/2020,6:11,Sunrise,Overcast,13,1,T10,Exposure only,Hach,,,,5.65,66.7
17/12/2020,6:11,Sunrise,Overcast,13,2,T10,Exposure only,Hach,,,,5.16,61
17/12/2020,10:45,Morning,Cloudy,13,1,T10,Exposure only,Horiba,25.42,6.87,,,
17/12/2020,10:45,Morning,Cloudy,13,2,T10,Exposure only,Horiba,24.94,7,,,
17/12/2020,10:45,Morning,Cloudy,13,3,T10,Exposure only,Horiba,24.69,6.95,,,
17/12/2020,10:45,Morning,Cloudy,13,1,T10,Exposure only,Hach,,,,5.66,68.9
17/12/2020,10:45,Morning,Cloudy,13,2,T10,Exposure only,Hach,,,,5.52,66.8
16/12/2020,19:31,Sunset,Fine,13,1,T2,Exposure only,Hach,,,,8.07,102.2
16/12/2020,19:31,Sunset,Fine,13,2,T2,Exposure only,Hach,,,,8.09,102.8
17/12/2020,6:20,Sunrise,Overcast,13,1,T2,Exposure only,Hach,,,,6.21,72.7
17/12/2020,6:20,Sunrise,Overcast,13,2,T2,Exposure only,Hach,,,,6.09,71.3
17/12/2020,10:45,Morning,Cloudy,13,1,T2,Exposure only,Horiba,25.47,6.73,31.8,,
17/12/2020,10:45,Morning,Cloudy,13,2,T2,Exposure only,Horiba,25.44,7.25,3,,
17/12/2020,10:45,Morning,Cloudy,13,3,T2,Exposure only,Horiba,25.14,7.08,10.7,,
17/12/2020,10:45,Morning,Cloudy,13,1,T2,Exposure only,Hach,,,,6.21,75.9
17/12/2020,10:45,Morning,Cloudy,13,2,T2,Exposure only,Hach,,,,6.36,77.5
16/12/2020,19:31,Sunset,Fine,13,1,T5,Exposure only,Hach,,,,8.13,103
16/12/2020,19:31,Sunset,Fine,13,2,T5,Exposure only,Hach,,,,8.26,103.8
17/12/2020,6:20,Sunrise,Overcast,13,1,T5,Exposure only,Hach,,,,6.02,70.7
17/12/2020,6:20,Sunrise,Overcast,13,2,T5,Exposure only,Hach,,,,5.82,68.3
17/12/2020,10:45,Morning,Cloudy,13,1,T5,Exposure only,Horiba,24.6,6.76,24,,
17/12/2020,10:45,Morning,Cloudy,13,2,T5,Exposure only,Horiba,23.06,6.95,11.5,,
17/12/2020,10:45,Morning,Cloudy,13,3,T5,Exposure only,Horiba,22.82,6.9,21.9,,
17/12/2020,10:45,Morning,Cloudy,13,1,T5,Exposure only,Hach,,,,5.62,66.6
17/12/2020,10:45,Morning,Cloudy,13,2,T5,Exposure only,Hach,,,,5.68,66.7
16/12/2020,19:31,Sunset,Fine,13,1,T7,Exposure only,Hach,,,,8.68,106.7
16/12/2020,19:31,Sunset,Fine,13,2,T7,Exposure only,Hach,,,,8.59,106.5
17/12/2020,6:20,Sunrise,Overcast,13,1,T7,Exposure only,Hach,,,,6.78,79
17/12/2020,6:20,Sunrise,Overcast,13,2,T7,Exposure only,Hach,,,,6.79,79.2
17/12/2020,10:45,Morning,Cloudy,13,1,T7,Exposure only,Horiba,24.02,6.93,13.5,,
17/12/2020,10:45,Morning,Cloudy,13,2,T7,Exposure only,Horiba,25.39,7.35,1.1,,
17/12/2020,10:45,Morning,Cloudy,13,3,T7,Exposure only,Horiba,25.44,7.18,33.3,,
17/12/2020,10:45,Morning,Cloudy,13,1,T7,Exposure only,Hach,,,,7.18,87.9
17/12/2020,10:45,Morning,Cloudy,13,2,T7,Exposure only,Hach,,,,7.24,88.8
16/12/2020,19:31,Sunset,Fine,13,1,T11,Exposure only,Hach,,,,6.63,84.5
16/12/2020,19:31,Sunset,Fine,13,2,T11,Exposure only,Hach,,,,6.8,87
17/12/2020,6:20,Sunrise,Overcast,13,1,T11,Exposure only,Hach,,,,5.33,62.6
17/12/2020,6:20,Sunrise,Overcast,13,2,T11,Exposure only,Hach,,,,5.07,59.5
17/12/2020,10:45,Morning,Cloudy,13,1,T11,Exposure only,Horiba,25.23,7.13,18.3,,
17/12/2020,10:45,Morning,Cloudy,13,2,T11,Exposure only,Horiba,24.33,6.99,4.3,,
17/12/2020,10:45,Morning,Cloudy,13,3,T11,Exposure only,Horiba,24.45,6.88,3.2,,
17/12/2020,10:45,Morning,Cloudy,13,1,T11,Exposure only,Hach,,,,5.08,60.9
17/12/2020,10:45,Morning,Cloudy,13,2,T11,Exposure only,Hach,,,,5.16,61.7
16/12/2020,19:40,Sunset,Fine,13,1,T1,Exposure only,Hach,,,,5.17,65.3
16/12/2020,19:40,Sunset,Fine,13,2,T1,Exposure only,Hach,,,,5.16,65.2
17/12/2020,6:30,Sunrise,Overcast,13,1,T1,Exposure only,Hach,,,,4.18,48.5
17/12/2020,6:30,Sunrise,Overcast,13,2,T1,Exposure only,Hach,,,,4.06,47.1
17/12/2020,10:45,Morning,Cloudy,13,1,T1,Exposure only,Horiba,24.89,6.72,22,,
17/12/2020,10:45,Morning,Cloudy,13,2,T1,Exposure only,Horiba,25.38,6.88,21.7,,
17/12/2020,10:45,Morning,Cloudy,13,3,T1,Exposure only,Horiba,25.27,6.65,47.4,,
17/12/2020,10:45,Morning,Cloudy,13,1,T1,Exposure only,Hach,,,,4.53,56.2
17/12/2020,10:45,Morning,Cloudy,13,2,T1,Exposure only,Hach,,,,4.41,54.5
16/12/2020,19:40,Sunset,Fine,13,1,T4,Exposure only,Hach,,,,7.52,94.9
16/12/2020,19:40,Sunset,Fine,13,2,T4,Exposure only,Hach,,,,7.52,95.5
17/12/2020,6:30,Sunrise,Overcast,13,1,T4,Exposure only,Hach,,,,5.12,60.2
17/12/2020,6:30,Sunrise,Overcast,13,2,T4,Exposure only,Hach,,,,5.28,62
17/12/2020,10:45,Morning,Cloudy,13,1,T4,Exposure only,Horiba,25.31,6.79,8.6,,
17/12/2020,10:45,Morning,Cloudy,13,2,T4,Exposure only,Horiba,25.02,7.04,10.9,,
17/12/2020,10:45,Morning,Cloudy,13,3,T4,Exposure only,Horiba,24.77,6.85,22.6,,
17/12/2020,10:45,Morning,Cloudy,13,1,T4,Exposure only,Hach,,,,5.2,62.7
17/12/2020,10:45,Morning,Cloudy,13,2,T4,Exposure only,Hach,,,,5.28,63.7
16/12/2020,19:40,Sunset,Fine,13,1,T9,Exposure only,Hach,,,,6.9,88.4
16/12/2020,19:40,Sunset,Fine,13,2,T9,Exposure only,Hach,,,,7.09,90.9
17/12/2020,6:30,Sunrise,Overcast,13,1,T9,Exposure only,Hach,,,,5.5,64.8
17/12/2020,6:30,Sunrise,Overcast,13,2,T9,Exposure only,Hach,,,,5.24,61.6
17/12/2020,10:45,Morning,Cloudy,13,1,T9,Exposure only,Horiba,25.16,6.75,22.3,,
17/12/2020,10:45,Morning,Cloudy,13,2,T9,Exposure only,Horiba,25.9,6.74,24.9,,
17/12/2020,10:45,Morning,Cloudy,13,3,T9,Exposure only,Horiba,26.17,6.75,8.1,,
17/12/2020,10:45,Morning,Cloudy,13,1,T9,Exposure only,Hach,,,,5.66,69.6
17/12/2020,10:45,Morning,Cloudy,13,2,T9,Exposure only,Hach,,,,5.84,71.9
16/12/2020,19:40,Sunset,Fine,13,1,T12,Exposure only,Hach,,,,7.26,92.3
16/12/2020,19:40,Sunset,Fine,13,2,T12,Exposure only,Hach,,,,7.16,91
17/12/2020,6:30,Sunrise,Overcast,13,1,T12,Exposure only,Hach,,,,5.7,66.6
17/12/2020,6:30,Sunrise,Overcast,13,2,T12,Exposure only,Hach,,,,5.87,68.6
17/12/2020,10:45,Morning,Cloudy,13,1,T12,Exposure only,Horiba,25.16,6.75,32.7,,
17/12/2020,10:45,Morning,Cloudy,13,2,T12,Exposure only,Horiba,23.87,6.79,12,,
17/12/2020,10:45,Morning,Cloudy,13,3,T12,Exposure only,Horiba,23.31,6.74,2.8,,
17/12/2020,10:45,Morning,Cloudy,13,1,T12,Exposure only,Hach,,,,5.69,66.9
17/12/2020,10:45,Morning,Cloudy,13,2,T12,Exposure only,Hach,,,,5.66,66.4
